1001,1992-11-01,"Vivir los Noventa, Centro Cultural Recoleta","Junín 1930, Buenos Aires",Venue: Centro Cultural Recoleta;Genre: EBM;Genre: Industrial;Artist: Codex;Artist: El Signo;Artist: Fase Uno;Artist: Unidad de Transmisión,"Sometime in 1992...\n\nTodo empezó aquel día que Luciano me contó por teléfono que iban a tocar unos grupos en La Recoleta, que fuéramos, que nos iba a gustar. Nos juntamos con mi hermano, Leonardo, Diego B. y fuimos al Centro Cultural Recoleta.\n\nUnas cuadras antes de llegar, nos impactó el hecho de que un cañón de luces apuntaba con luz blanca al cielo y los edificios cercanos. Cerca de la puerta nos encontramos con Luciano y Hernán.\n\nEl evento se llamó 'Vivir los Noventa', que consistía en recitales de rock por un lado, y por otro grupos Techno en vivo (Fase 1, Codex, Unidad de Transmisión y El Signo). Adentro nos encontramos con los chicos de The Nation.\n\nNos impactó la cantidad de gente que presenció el evento. Los grupos que más nos gustaron fueron Codex y Unidad de Transmisión. Entre grupo y grupo se proyectaban imágenes digitalizadas, animaciones y sonaba música muy moderna en el lugar.\n\nDescubrimos que algo se abría ante nosotros, éramos parte de un pequeño grupo de gente que iba a comenzar lentamente a recorrer el camino del Under, pero, por sobre todo, a seguir de cara a todo lo relacionado directa o indirectamente con la música Techno.\n\nCreo que esto sucedió a mediados o fines de 1992, desde ese momento dejé de ir a discos comunes con mis compañeros de la secundaria y empecé a salir con gente con la que me identificaba mas, y mejor me llevaba, o sea, mis verdaderos amigos.\n\nPara ese tiempo ya habían cerrado Fledermaus y El Ángel, por lo tanto no perdimos la mejor disco por lo menos en lo que a música se refiere. No importaba, había que seguir explorando. Nos apasiona el hecho de que estábamos descubriendo cosas nuevas.\n\nEmpecé a interesarme más en la música que consumía y a recorrer disquerías, (el Parque Rivadavia y los cassettes piratas fue un poco antes), a ir seguido a Rebel Records, donde nos encontrábamos con Luciano, Hernán, Marcelo y escuchábamos música nueva y nos informábamos. Rápidamente, me hice cliente de Rebel, apoyado en mi trabajo en el videoclub de Flores, que me permitía darme el lujo de comprar un CD por semana!",/images/1992-Fledermaus.webp;/images/TheFirstReport_001a.webp;/images/TheFirstReport_001b.webp;/images/TheFirstReport_002a.webp;/images/TheFirstReport_002b.webp
1002,1992-11-06,"Estetoscopio '92, Instituto Goethe","Av. Corrientes 319, Buenos Aires",Venue: Goethe Institut;Genre: Techno;Genre: Experimental;Artist: Daniel Melero,"Me acuerdo también de Estetoscopio '92, un evento en el Goethe Institut en noviembre; la noche que fui, Pablo Schanton habló de Atta Tak, un sello discográfico alemán, y de distintos artistas y grupos arcaicos de música electrónica como Der Plan y Holger Hiller.\n\nTambién estuvo Daniel Melero, que llevó un DAT que contenía samples de lo que iba a ser 'Recolección Vacía'.",/images/1992-GoetheInstitut.webp;/images/1992-GoetheInstitutb.webp;/images/TheFirstReport_003b.webp
1003,1992-12-01,"Casual Danza + Megabit + D'Light","Aráoz 2424, Buenos Aires",Venue: D'Light;Genre: Synth Pop;Genre: EBM;Genre: Industrial;Artist: Casual Danza;Artist: Megabit,"A fines del 92, fuimos con Luciano, Luis, Leo, Diego y Hernán a ver a Casual Danza a un mini teatro del Centro, poquísima gente. Al principio, a medida que empezaba la intro de un tema se iba levantando el telón, pero el telón se cayó y tuvieron que empezar de nuevo!\n\nUna tarde de domingo fuimos con Luciano y Marcelo a una plaza o un parque a ver a un grupo que se llamaba Megabit. La plaza estaba llena de hippies que nos miraban como si nosotros fuéramos los desubicados. El grupo era un desastre. La música estaba secuenciada, y el vocalista (que hablaba, no cantaba), tenía una guitarra MIDI con la cual ensuciaba las bases. También había un coro de dos chicas que no aportaba nada bueno.\n\nEstaban Carlos y Matías de Unidad de Transmisión; Matías me vino a hablar para contarnos que iban a tocar dentro de poco. También me dijo que lo que más escuchaba últimamente era Nine Inch Nails y Skinny Puppy.\n\nFuimos a D'Light la noche que terminó. Mucha música Industrial, EBM (Nitzer Ebb 'Fun To Be Had (Master Mix)'), bastante Techno Pop y cosas como 'Tekno la Droga', 'Ebeneezer Goode', etc. Encima nos fuimos, antes de que terminara la noche. Al cerrar D'Light nos quedamos sin lugar para ir.",/images/TheFirstReport_031a.webp;/images/TheFirstReport_037a.webp;/images/TheFirstReport_002b.webp
1004,1992-12-02,Bunker + Die Schule,"Gascón 1040, Buenos Aires",Venue: Bunker;Venue: Die Schule;Genre: Synth Pop;Genre: EBM;Genre: Industrial;Artist: Avant Press;Artist: Fase Uno;Artist: Suarez;Artist: The Nation;Artist: Unidad de Transmisión,"Una noche fuimos a Bunker, una de las principales Discos gay y, aunque prometí no volver a ver nunca más, pasaron muy buena música, incluso se dieron cuenta de que no éramos gays. Nos vinieron a preguntar de dónde éramos, y Hernán respondió 'de Fledermaus'.\n\nTodos bailando en pareja, con jeans y camisa abierta, y nosotros en una especie de ronda, vestidos de negro, bailando en forma muy Industrial (The Shamen, Information Society y mil cosas que ni me acuerdo). Ah, y tocó The Nation (5 temas). Nos habían avisado en el Centro Cultural Recoleta cuando se hizo 'Vivir los Noventa'.\n\nCreo que por esa época hubo un recital en Die Schule que tocó Unidad de Transmisión, Fase Uno, Avant Press y Suarez. Esa noche fue la única vez que los vi hacer 'Saddam Hussein'. Avant Press empezó Techno Pop, pero después se vino abajo.",/images/TheFirstReport_003a.webp
1005,1993-02-01,"Verano 1993: Fiestas NRG","Av. Costanera Rafael Obligado y Av. Sarmiento, Buenos Aires",Venue: Hell's;Venue: El Cielo;Venue: Retro;Genre: Synth Pop;Genre: EBM;Genre: Rave,"Embarcados de lleno en la escena Techno, fuimos dos o tres veces a Hell's donde nos descontrolamos con The Shamen, Interactive, The Prodigy, Dye Witness, Electroset y Leila K, y en una fiesta NRG pasaron Front 242 y Nitzer Ebb.\n\nLa primera fiesta NRG fue en El Cielo, y fuimos con Luciano y Maximiliano. Muy poco lugar para bailar. Pasaron 'Por Que?' de Cetu Javu y 'LSI' de The Shamen. Al salir, caminamos mucho por una calle de la zona para encontrar la parada del colectivo. Para ser sincero, estábamos muy perdidos.\n\nLa tercera fiesta NRG fue en Retro, y de las tres creo que fue la mejor. Fuimos con Diego T y me acuerdo que pasaron 'Going, Going, Gone', 'Adonde', 'Strangelove', 'Personal Jesus', 'Headhunter', 'Join In The Chant' o 'Let Your Body Learn', y había otros individuos vestidos de negro (uno con una remera de Nitzer Ebb). Buena forma de imponer.\n\nSin ninguna excepción, cada referencia a 'Join In The Chant' en adelante se refiere al remix de Phil Harding, o sea 'Join In The Chant (Burn!)'",/images/1993-Hells-93.webp;/images/1993-Hells-93b.webp;/images/TheFirstReport_004a.webp
1006,1993-04-01,Lipsy,"Av. de los Incas 4370, Buenos Aires",Venue: Lipsy;Genre: Synth Pop;Genre: Post Punk;Genre: Gothic Rock,"Me parece que ya era en abril o mayo que Luciano me comentó por teléfono que había abierto un lugar muy Under llamado 'Lipsy', donde habían pasado 'Out Of Control', y algunos temas Techno Pop, entre tanta basura dark.\n\nAsí fue que un día decidimos ir con mi hermano. Salimos tarde, tomamos el 96 y nos bajamos en Floresta a esperar otro colectivo. Esperamos un montón, entre una hora y una hora y media. Nos tomamos el 36, y después un taxi y llegamos al lugar que parecía un pequeño salón de fiestas, con un toldo iluminado y desde el balcón nos llamaron Luciano y Marcelo.\n\nEntramos, subimos 'La' escalera y nos encontramos con un ambiente muy raro. La música iba en bloques; bloque dark - bloque Techno. Estuvo muy bueno. Empezamos a ir seguido.\n\nCada vez que fuimos, sin exagerar:\n- Joy Division 'Love Will Tear Us Apart'\n- Tones on Tail 'Go!'\n- Siouxsie and the Banshees 'Face to Face'",/images/1993-Lipsy.webp;/images/TheFirstReport_004a.webp;/images/TheFirstReport_004b.webp
1007,1993-06-18,"Prisión Virtual, El Dorado","Hipólito Irigoyen 947, Buenos Aires",Venue: El Dorado;Genre: EBM;Genre: Industrial;Genre: Techno;Genre: Rave;Artist: Unidad de Transmisión,"El 18 de junio fuimos con Luciano, Marcelo y Natalia a El Dorado, donde Unidad de Transmisión presentó 'Prisión Virtual'. Me acuerdo que inicialmente vino Carlos a disculparse personalmente porque no iban a poder tocar. Sin embargo, después tocaron, solo tres temas, pero tocaron.\n\nEse día bailamos mucho Rave, The Prodigy 'G-Force' y también Front 242.\n\n'El lugar era muy ambiguo, no volví nunca más, demasiado loco para mi gusto'.",/images/1993-ElDorado-18-06-93.webp;/images/TheFirstReport_006b.webp
1008,1993-06-26,Centro Cultural Recoleta + Lipsy,"Junín 1930, Buenos Aires",Venue: Centro Cultural Recoleta;Venue: Lipsy;Genre: EBM;Genre: Industrial;Genre: Techno;Genre: Rave;Artist: Exhibición Atroz;Artist: Fase Uno;Artist: Unidad de Transmisión;Artist: Vrektoor,"El sábado 26/06/93 se hacía un evento en el Centro Cultural Recoleta donde tocaban Unidad de Transmisión, Vrektoor, Fase Uno y un grupo que se llamaba Exhibición Atroz. Y también esa misma noche, en Lipsy había una fiesta llamada 'Force Is Machine', y supongo que fue el día que sonaron menos guitarras en ese lugar...\n\nSalimos temprano a la tarde con Luis y Diego T y nos encontramos en la esquina industrial con Leonardo, Luciano, Marcelo, Pablo P, el hermano, Gonzalo (el Cyber), Javier, y tres o cuatro chicos que no volví a ver.\n\nÉramos más de diez, no sé, 14 o 15 para cuando nos subimos al colectivo, y la gente nos miraba demasiado. Se juntó mucha gente teknosa esa vez.\n\nLuciano se olvidó un bolso en Ramos con la caja de ritmos de Marcelo. Cuando nos dimos cuenta estábamos en Floresta, donde nos teníamos que bajar para encontrarnos con Marcelo. Entonces, Luciano y alguien más tuvieron que volver a Ramos en taxi a buscar la Yamaha RX7, es increíble, pero el bolso estaba ahí donde lo habían dejado, intacto.\n\nEstuvimos en los recitales del Centro Cultural Recoleta, que terminaron a la noche. Después de los recitales, empezamos a caminar y a buscar un lugar para comer, y el grupo se dividió un poco; en un punto llegamos a ser más de 20 personas.\n\nEncontramos una pizzería, juntamos cuatro mesas y encima pedimos al dueño que sintonizara FM NRG porque una chica cumplía años (obviamente mentira). Después de comer, el mozo trajo una especie de mini-torta con una velita y le cantamos la canción indicada. Cualquiera. Salimos de allí y nos fuimos a una plaza donde Leo se puso a jugar en las hamacas, muy personaje.\n\nDe ahí nos fuimos a Lipsy, bastante cansados, pero estuvo muy bueno. Hubo muchos temas que ni pudimos bailar del cansancio, pero ni bien sonó 'Das Boot' nos levantamos y fuimos a la pista a descontrolarnos. Seguramente, ese tema era muy comercial para las retrógradas darkies!",/images/1993-Lipsy-26-06-93.webp;/images/TheFirstReport_004b.webp;/images/TheFirstReport_005a.webp;/images/TheFirstReport_005b.webp
1009,1993-08-07,Auditorio Maxi,"Carlos Pellegrini 657, Buenos Aires",Venue: Auditorio Maxi;Genre: EBM;Genre: Industrial;Genre: Synth Pop;Artist: Avant Press;Artist: Unidad de Transmisión,"Un detalle importante que casi me olvido de mencionar es cuando Unidad de Transmisión tocó en el Auditorio Maxi con Avant Press como grupo soporte. Con 700 o más espectadores, ese día marcó un momento en la historia del Techno local.\n\nLa puesta en escena, luces y el sonido fueron inmejorables y fuimos casi todos los technosos de nuestro grupo. Casi al final del recital no pudimos quedarnos sentados un momento más y fuimos a bailar abajo, cerca del escenario. Mucha gente moderna y la sensación de que algo estaba cambiando.",/images/TheFirstReport_017a.webp
1010,1993-09-12,Lagarto,"Ameghino 681, Avellaneda",Venue: Lagarto;Genre: EBM;Genre: Industrial;Genre: New Beat;Genre: Acid House;Artist: Diego Cid;Artist: Fase Uno;Artist: Vrektoor,"En septiembre del '93 nos enteramos de un par de fiestas que se iban a hacer en Lagarto, una disco en Avellaneda, que estaba Diego Cid de DJ, y fuimos con Luis, Luciano y Javier.\n\nAl principio había música dance muy fina, después mucho Acid House, un poco de Industrial pero sobre todo mucho New Beat: Candy Flip 'Love Is Life (Adrenalin 6 Mix)', Front 242 'Headhunter', Nitzer Ebb 'Join In The Chant (Burn!)', D.A.F. 'Brothers' y Bassline Boys 'Warbeat'.\n\nNunca volví a bailar tanto New Beat como aquella vez (muy germánico, diría Javier). A la salida nos morimos de frío. No me acuerdo si fuimos el domingo 12 o el 19/09/93.",/images/1993-Lagarto-12-09-93.webp;/images/1993-Lagarto-19-09-93.webp;/images/TheFirstReport_006b.webp
1011,1993-09-20,Lipsy + Planet,"Av. de los Incas 4370, Buenos Aires",Venue: Lipsy;Venue: Planet;Genre: EBM;Genre: Industrial;Genre: New Beat;Genre: Rave,"Por esa época empezamos a llevar CD's de música Rave a Lipsy y el DJ (Gerardo) se animaba y nos pasaba siempre 'Wind it Up (Tightly Wound)', a veces 'G-Force (Energy Flow)' y una vez 'Everybody In The Place' de The Prodigy, 'Trip II The Moon, The Dark Side (Part 2)' de Acen y/o Output & DJ Oz 'Reset', con los que podíamos bailar algo de Rave.\n\nUna noche había una fiesta en una disco de Vicente López que se llamaba 'Planet' (un lugar al que después volví). Noche de mucho frío; mis viejos nos llevaron a Liniers con el Falcon a Luciano, Marcelo, Natalia y Nerina, y de ahí nos tomamos un colectivo y llegamos al lugar.\n\nLa disco era mediana, había algunos modernosos con anteojos raros, y conchetos también. Sin embargo, bailamos bastante Industrial y el último tema de la noche fue 'The Bog' de Bigod 20, en un momento en que justo estábamos conociendo al grupo. Luciano se tiró al piso porque no lo podíamos creer; ese tema es glorioso y sonaba justo esa noche. ",/images/1993-Lipsy.webp;/images/TheFirstReport_007a.webp
1012,1993-10-01,New Order,"Av. Cabildo 4663, Buenos Aires",Venue: New Order;Genre: EBM;Genre: Industrial;Genre: Rave;Artist: Unidad de Transmisión,"Falta algo. El 1 de octubre, Unidad de Transmisión tocó en New Order; y antes de que toquen, el DJ pasó los siguientes temas de The Prodigy: 'Jericho', 'Fire', 'Ruff In The Jungle Bizness' y 'Music Reach (1/2/3/4)'.\n\nAl principio nadie bailaba; Diego, Luis y Luciano y yo nos pusimos a bailar, desde el primer tema. Cuando íbamos por el cuarto tema ya éramos como 14 tipos bailando Rave. Muy grosso.\n\nUnidad tocaron muchos temas, entre ellos 'Run Away' que no salió en la grabación de Diego T. La Tengo.",/images/1993-NewOrder-01-10-93.webp;/images/TheFirstReport_008b.webp
1013,1993-11-01,Fifth Avenue (Fracaso),"Cabildo y Juramento, Buenos Aires",Venue: Fifth Avenue,"Me acuerdo que en el '93, habíamos ido con Luciano, Marcelo, Diego T, Javier Martín a bailar ahí y nos encontramos con un montón de gente de Lipsy.\n\nLa cola avanzaba y un chico que se llama Maxi se suponía que nos podía hacer pasar. Nos enteramos que el dueño no quería que entremos porque decía que éramos Punks! Estuvimos como tres horas y media esperando que nos dejen entrar; hacía frío y nos estábamos cansando de esperar.\n\nUn rato antes, Ariel de Lipsy había insultado al patovica de la entrada, lo corrieron, pero no lo agarraron. Quizás por eso no nos dejaron entrar. Horrible noche.",/images/TheFirstReport_033a.webp
1014,1993-12-17,Die Schule,"Alsina 1671, Buenos Aires",Venue: Die Schule;Artist: Cadáver Exquisito;Artist: Cenobitas;Artist: Codex;Artist: Fase Uno;Genre: Synth Pop;Genre: EBM;Genre: Industrial;Genre: Experimental,"Ese viernes yo tenía que recuperar un parcial de Programación 1, y a la noche había un evento en Die Schule en el que iban a tocar Codex, Fase Uno, Cadáver Exquisito y Cenobitas.\n\nEn el parcial me fue como el orto, y nos fuimos a Die Schule con Luis, Diego y Leonardo, que se llevó un grabador para almacenar la música tocada.\n\nMuy buena la actuación de Codex; los otros grupos no eran nada del otro mundo. Tengo la grabación de Codex y algo de Fase Uno, que hicieron un cover de 'Waiting For The Night' de Depeche Mode.",/images/1993-DieSchule-17-12-93.webp;/images/TheFirstReport_008a.webp;/images/TheFirstReport_008b.webp
1015,1993-12-18,The Probe (Cancelado),"Hipólito Yrigoyen 3750, Buenos Aires",Venue: The Probe;Artist: Cyclamen,"En diciembre, en plena época de finales en la Facultad, Luciano, entusiasmado, me cuenta que se iba a organizar un evento en The Probe donde iban a tocar muchos grupos Techno y, que de casualidad, se habían enterado por Matías de Unidad de Transmisión, y se anotaron.\n\nSe hacía el sábado 18/12/93. Como este país es una mierda, el evento se canceló. Bah, el país no es una mierda, la gente es muy cerrada y muy retrógrada. Lamentable.",/images/1993-TheProbe-18-12-93.webp;/images/1993-TheProbe-15-12-93.webp;/images/1993-TheProbe-15-12-93b.webp;/images/TheFirstReport_008a.webp
1016,1994-01-01,"Lipsy, Enero 94","Av. de los Incas 4370, Buenos Aires",Venue: Lipsy;Artist: Nostromo;Genre: EBM;Genre: Industrial;Genre: Synth Pop;Genre: Post Punk;Genre: Gothic Rock,"El primero de enero fuimos a Lipsy, con un grupo de gente bastante establecido. Básicamente, éramos Luciano, Javier, Martín, Diego T, mi hermano y yo. Los otros rotaban según la ocasión.\n\nEse día conocimos a Cybertron, que era un personaje. Fue la mejor noche de Lipsy en lo que a música se refiere y comenzaron a ir más mujeres.\n\nEl segundo sábado de enero tocó el grupo de Hernán y éramos bastantes, el caradura de Leonardo faltó, y el sonido de Nostromo falló un poco. Pablo D cantó en dos temas con onda medio Techno Pop y, como siempre, los technosos nos acercábamos al lugar donde tocaba el grupo, y los alternativos o los Darks se quedaban atrás tomando algo o esperando que el grupo termine.\n\nA partir de enero comenzó a sonar 'The Bog' todos los sábados. ",/images/1994-Lipsy-08-01-94.webp;/images/TheFirstReport_010a.webp
1017,1994-02-26,"Lipsy, Febrero 94","Av. de los Incas 4370, Buenos Aires",Venue: Lipsy;Genre: Synth Pop;Genre: Post Punk;Genre: Gothic Rock,"Nos esperaba la Commodore Amiga y en unos días yo tenía que empezar a estudiar para la Universidad. A principios de abril venía Depeche Mode, pero corría marzo, y yo me la pasaba estudiando en la semana y saliendo los fines de semana.\n\nLipsy una vez, creo que la última. Los Darks y los alternativos nos odian, no soportan que nosotros seamos distintos porque nosotros nos divertimos. Ellos son casi rockeros, decadentes, depresivos y obsoletos.\n\nEn un momento en que suena 'Ice Machine' gritamos y el enfermo de Ariel (el alternativo Nro. 1) nos empezó a gastar en el medio de la pista. Lo puteamos de arriba a abajo y se tuvo que callar la boca.\n\nCreo que desde ese día no pasaron nunca más Rave. Lipsy llegaba a su fin lentamente... ",/images/1993-Lipsy.webp;/images/TheFirstReport_012a.webp
1018,1994-03-01,Crazy House,"Pasaje Dellepiane 657, Buenos Aires",Venue: Crazy House;Genre: Acid House;Genre: Hardcore;Genre: EBM;Genre: Industrial;Genre: New Beat;Genre: Synth Pop;Genre: Rave,"Luciano me cuenta por teléfono que había ido a un lugar muy chico cerca de Congreso que se llamaba Crazy House y que habían pasado mucho Techno Pop, y no había todavía mucha gente.\n\nFuimos, no sé si un viernes o un sábado, con mi hermano, Diego, Javier, Martín, Damián ('el brasilero Electrometal'), Luciano, Laura y Diego B.\n\nAl principio de todo un poco. Un tema de Ramirez, después todo el Techno Pop, muy buen Acid House, mucho New Beat, un poco de EBM/Industrial, y muchísimo Rave y Hardcore.\n\nCreo que estuvimos más de tres horas bailando sin parar hasta que sonó el último tema Rave, al final se daban el lujo de repetir Techno Pop y new beat.\n\nCreo que la mejor música la escuché en ese lugar: OK, 16 Bit, Alphaville, Depeche Mode, Cetu Javu, Camouflage, Noname 'Fashion', Axodry, Front 242, Nitzer Ebb, Hithouse, S'Express, Human Resource 'Sick', 'Nine Is A Classic' de Ace The Space, 'Out Of Space', Moby 'Thousand', etc.\n\nA Crazy House solo pudimos ir dos veces (consecutivas); después cerró.\n\nPensar que la piel se nos estremece al escuchar ciertos tonos o sonidos.",/images/1994-CrazyHouse.webp;/images/TheFirstReport_012b.webp
1019,1994-03-17,"Loca Bohemia, Marzo 94","Av. La Plata 727, Buenos Aires",Venue: Loca Bohemia;Genre: EBM;Genre: Industrial;Genre: Synth Pop;Artist: Cyclamen;Artist: Räderwerk/Reder,"El 17 de marzo tocó Cyclamen en Loca Bohemia por primera vez. También tocó Räderwerk y, mientras tocaban, estuve todo el tiempo cagándome de risa por los comentarios de Leo, que les dio con un palo.\n\nDespués tocó Cyclamen y estuvo muy bueno, nosotros ahí abajo festejando los temas que conocíamos y los gritos de Cybertron (grabados en cinta), acerca de la ausencia de guitarras.",/images/TheFirstReport_017a.webp
1020,1994-04-02,1st House Rave,"Ramos Mejía, Buenos Aires",Venue: Home;Genre: Industrial;Genre: Synth Pop;Genre: Rave,"La semana anterior al recital hicimos una Rave en mi casa. Ariel nos prestó un centro musical, yo saqué mi vieja bandeja y pusimos discos y CD's entre todos.\n\nVinieron Luciano, Laura, Diego T, Diego B, Marcelo, Natalia, Nerina, Javier, Martín, Patricio, Hernán, Valeria, Ariel, una amiga de Patricia y Cybertron vinieron más tarde.\n\nHubo bastante alcohol, vodka para preparar destornilladores, gaseosas, música Techno Pop, Industrial y Rave. Globos con caritas House pintadas y leyendas tipo 'FULL ON MASK HYSTERIA'. Estuve mucho tiempo mareadísimo.\n\nTerminó de día, como a las seis de la mañana. Todos me dijeron que la pasaron muy bien y que estuvieron muy cómodos. Bastante imponente por estar en el país del mate y el fútbol.",/images/TheFirstReport_016b.webp
1021,1994-04-08,"Depeche Mode, Vélez Sarsfield","Av. Juan B. Justo 8900, Buenos Aires",Venue: Vélez Sarsfield;Genre: Alternative/Indie Rock;Genre: Synth Pop;Artist: Depeche Mode,"Empezaba el segundo año en la Universidad. Éramos compañeros con Javier, Luciano y Diego B, pero jamás coincidíamos los cuatro en alguna materia, salvo Contabilidad.\n\nÉramos los más descontrolados; cantábamos, gastábamos a los otros (sin ofender a nadie, más que nada entre nosotros), nos enojábamos por las mismas cosas, nos reíamos de lo mismo. Ibamos a imponer, ya con Luciano salíamos de mi casa e íbamos caminando, y la gente miraba mucho debido a nuestra imagen. Mucho descontrol las primeras semanas. Falté miércoles, jueves y viernes de la segunda semana porque Depeche Mode venía a tocar en Vélez Sarsfield.\n\nSalimos un miércoles a la tarde con Diego T, nuestro destino era el Hotel Sheraton. Con la esperanza de ver o conocer gente (mujeres) nueva, y ver a algún miembro del grupo aunque sea de lejos; íbamos con mochilas, libro 'Strangers' adentro, un buzo, un walkman y una cámara de fotos.\n\nNos encontramos con Javier y con Martín los dos días, uno de ellos en Congreso, día en el que Javier se fue todo de blanco (jeans, camisa), pero campera de cuero negra. En general, los fans eran bastante Depeche, o sea, no muy technosos o no muy Techno Pop, en todo caso.\n\nNos quedamos hasta las tres de la mañana y yo pude agarrar una lapicera que Dave Gahan arrojó desde la ventana de su habitación. Cuando Depeche Mode entraron al hotel, nos engañaron porque entraron por el lado de atrás, y solo algunos fans pudieron verlos. Encima, después los fans de Ramos de Depeche Mode lloraban porque no habían podido ver a no sé quién, mientras habían visto a casi todo el grupo de cerca.\n\nCuando cayó la noche, los fans comenzaron a cantar varios temas de Depeche Mode y nosotros no cantamos ni uno. Al otro día llegamos al Sheraton al mediodía o poco después, y ya había gente, hacía calor y todo fue distinto.\n\nÍbamos a cada rato a la puerta trasera; después volvíamos al frente; nadie se asomaba. Nos movimos a un costado a descansar y en una puerta había dos promotoras, bastante atractivas, que estaban a cargo de una exposición de golosinas. Una de ellas nos invitó a entrar y aceptamos solamente para ver si podíamos entrar al hotel de alguna manera.\n\nDentro del hall nos dieron unos volantes y afiches, y en la puerta de la exposición nos dijeron que para entrar debíamos sacar una credencial en un puesto. Nos dirigimos a ese puesto y nos preguntaron si éramos minoristas o mayoristas. Ante la imposibilidad de entrar, nos quedamos por ahí dando vueltas y un tipo nos echó.\n\nYa eran como las siete de la tarde cuando nos enteramos de que Depeche Mode iban a salir del lugar por la puerta trasera. Después de un rato, se abrieron las puertas, hicimos filas paralelas para sacar fotos, y las dos camionetas Trafic salieron a tal velocidad que ni salieron en las fotos de Diego T. A partir de ese momento, caos y locura; todos empezamos a correr atrás de las camionetas, y a las tres cuadras nos dimos por vencidos.\n\nUn chico nos dijo que Dave Gahan había estado en Patio Bullrich, que él lo había visto y había hablado con él. Pensamos que el resto del grupo podía dirigirse a ese mismo lugar y fuimos con Diego, Javier y Martín caminando por Libertador con carteles de la gira de Depeche Mode de fondo.\n\nLlegamos y comenzamos a buscar una Trafic en el estacionamiento; un guardia nos alcanzó, pero le aclaramos todo y lo entendió. Fui a un drugstore y le pregunté a la chica si había estado en ese negocio Dave Gahan y me dijo que sí, que habían comprado 'papel para cigarrillos' y encendedores. Dimos vueltas un rato largo, pero no estaban ahí. También fuimos a las Galerías Pacífico, pero tampoco encontramos a nadie. Volvimos al Sheraton y nos quedamos un rato más.\n\nNos encontramos con Damián (el Brasilero Electro Metal), y nos comentó que los DM iban a estar en Morocco, entonces fuimos allí con unos cuantos fans de DM a esperar, pero no pasó nada. De ahí fuimos a un restaurant donde se suponía que habían visto a Martin Gore, pero tampoco. Volvimos a Morocco, pero ya eran más de las dos de la mañana y no podíamos estar parados, estábamos realmente destruidos. Volvimos.\n\nUna de las dos noches fuimos con Javier y Diego a buscar hoteles de DM y nos pasaron como una cosa recorriendo una zona bastante extensa y nos llevaron un par de carteles, cada uno.\n\nNo lo podíamos creer; era de noche y fueron o eran dos días en los cuales nos desligamos de todas nuestras obligaciones. Todos estaban durmiendo, trabajando o estudiando y nosotros frente al hotel, por Florida, en shopping centers, frente al Morocco o en una calle común sacando afiches. Muy buenos momentos.\n\nEl jueves fuimos al recital en Vélez, y colmó y superó todas nuestras expectativas. Conseguimos entrar a la tarde con Diego y Luis, porque éramos socios y presenciamos, en forma medio ilegal, la prueba de sonido, escondidos en las tribunas.\n\nEl show fue más electrónico de lo que esperábamos, estuve a cuatro personas de la valla, casi muero por la presión, no le dieron mucho a la guitarra, se me cayeron las lágrimas cuando tocaron 'Somebody' y sobre todo 'A Question Of Lust' (las dos cantadas por Martin junto a 'Condemnation' y 'I Want You Now'). 18 temas en total, no todo el último álbum.\n\n'Behind The Wheel', 'Stripped', 'Never Let Me Down Again', 'Policy Of Truth' y 'A Question Of Time' y una versión muy buena de 'World In My Eyes'. Excelente (Al otro día estábamos destruidos, ¡y encima empezábamos el curso para el First Certificate de Inglés!).",/images/1994-DepecheMode-VelezSarsfield-08-04-94.webp;/images/1994-DepecheMode-VelezSarsfield-08-04-94b.webp;/images/1994-DepecheMode-VelezSarsfield-08-04-94c.webp;/images/TheFirstReport_013a.webp;/images/TheFirstReport_013b.webp;/images/TheFirstReport_014a.webp;/images/TheFirstReport_014b.webp;/images/TheFirstReport_015a.webp;/images/TheFirstReport_015b.webp;/images/TheFirstReport_016a.webp
1022,1994-04-16,The Probe (Fracaso Nro. 1),"Hipólito Yrigoyen 3750, Buenos Aires",Venue: The Probe;Artist: Avant Press;Artist: Codex;Artist: Diego Cid;Artist: Santos Inocentes,"Salimos esa noche con Javier, Diego, Gonzalo, Luciano, Laura, Marcelo, Natalia, Nerina, Diego T y Diego B con destino incierto.\n\nNos contaron que iba a tocar Codex, Avant Press y Santos Inocentes en The Probe, e iba a estar Diego Cid como DJ invitado, así que, sin dudar un instante, nos dirigimos allí.\n\nCuando llegamos había demasiada gente, y ni nos pusimos en la cola para entrar de algún otro modo. Estuvimos como tres horas esperando y no podíamos entrar; cuando al fin lo hicimos, sabíamos que todavía no habían tocado los grupos, y nos querían cobrar entrada.\n\nComo eran casi las 4.30 de la mañana, dimos la vuelta y nos fuimos a caminar por ahí, a comer cualquier golosina y tomar algo.",/images/1994-TheProbe-16-04-94.webp;/images/1994-TheProbe-16-04-94b.webp;/images/TheFirstReport_017b.webp
1023,1994-04-22,"DM Party, Cartujas","Av. De Mayo 432, Ramos Mejía",Venue: Cartujas;Genre: EBM;Genre: Industrial;Genre: Synth Pop;Genre: Rave,"El viernes 22 de abril de 1994 se hizo una fiesta Depeche Mode en Cartujas, un pub horrible en Ramos; nos juntamos con Javier, Luis, Valeria y Diego T y fuimos a imponer.\n\nLa gente era bastante fea, y algunos ignorantes hacían pogo con 'Rush'. Pasaron miles de temas de Depeche Mode de todas las épocas, en vivo y en estudio. Nosotros bailamos preferentemente los viejos. Fui a pedir a la cabina The Prodigy o por lo menos Techno Pop más golpeado, pero la gente solo quería Depeche.\n\nDespués de un rato de pasar temas como 'Rerun Time' o 'Rhythm Of Time' de Front 242, Diego T se puso a hablar con una amiga de Javier y después no se la pudo sacar de encima. En ese momento pasaron 'Jericho' y 'Everybody In The Place' y yo fui el único que bailó a la velocidad adecuada. Estuvo perfecto.",/images/1994-Cartujas-22-04-94.webp;/images/TheFirstReport_018a.webp
1024,1994-04-30,"Unidad de Transmisión, Casa Suiza + La Constitución","Rodríguez Peña 252-254, Buenos Aires",Venue: Casa Suiza;Venue: La Constitución;Genre: EBM;Genre: Industrial;Genre: Acid House;Genre: Deep House;Genre: House;Genre: Tribal House;Artist: Unidad de Transmisión,"El sábado 30 de abril tocó Unidad de Transmisión en Casa Suiza. Fuimos con Leonardo, Diego G, Gonzalo, Luciano, Laura, Marcelo y Natalia, Diego T, Hernán y Javier.\n\nNo sé exactamente cuándo fue, pero estábamos tomando algo en un kiosco y nos insultaron desde un auto. Con la lata de Coca Cola en la mano empezamos a caminar hacia el auto, Javier y yo. Les gritamos todos las puteadas habidas y por haber. Me acuerdo que grité: Guitarras a la hoguera! Rockero de mierda!\n\nNos quedamos tan calientes que, cuando íbamos caminando por Congreso, había unos conchetos hablando y se escuchó un insulto, (pero no dirigido a nosotros), y Javier se dio vuelta y encaró al grupo diciendo 'Que te pasa la concha de tu hermana?'\n\nAl principio había mucho canto gregoriano; después tocó Unidad de Transmisión, solo seis o siete temas lo cual no fue suficiente por el valor de la entrada, pero hay que apoyar a estos chicos.\n\nA la salida, nos separamos; Leo, Gonzalo y Hernán volvieron para Ramos, Luciano y Laura se fueron y con Javier, Diego T y Cybertron nos fuimos a bailar a un lugar medio modernoso que se llamaba 'La Constitución'.\n\nMucho Deep y Tribal House. René tenía puesto un vestido negro largo, con muchos CDs pegados, y gritaba al compás de la música. Extrañamente hipnótico el efecto. Nunca más lo volví a ver haciendo eso. Hubo un muy buen bloque Acid House. Un lugar para conocer, no sé si volver.",/images/TheFirstReport_018b.webp
1025,1994-05-06,"Loca Bohemia, Mayo 94","Av. La Plata 727, Buenos Aires",Venue: Loca Bohemia;Genre: EBM;Genre: Industrial;Genre: Synth Pop;Artist: Cyclamen;Artist: Nostromo;Artist: The Other Faith,"Ya en mayo, el viernes 6, otra vez en Loca Bohemia tocaron Cyclamen, Nostromo y The Other Faith.\n\nLuciano aprovechó lo de Casa Suiza para hacer publicidad y Loca Bohemia se llenó de gente, nada que ver con la vez anterior. Salimos de casa con Diego T, Diego B, Pablo y Sergio (de la facultad), Javier, Valeria, Luis, Leonardo y Macarena. Nos dividimos en dos grupos porque Leo estaba con el auto.\n\nNos encontramos con mucha gente y esta vez hubo poco lugar para bailar, más consumo y un contacto con una mujer frustrado por un individuo que estuvo donde no tenía que estar.\n\nMuy bueno Nostromo y Cyclamen, nuestro grupo se destacó bastante en los temas más rápidos, Cybertron subió a bailar y contemplé un curioso efecto sombra humana en la multitud.",/images/1994-LocaBohemia-06-05-94a.webp;/images/1994-LocaBohemia-06-05-94b.webp;/images/1994-LocaBohemia-06-05-94c.webp;/images/TheFirstReport_019a.webp
1026,1994-05-13,"2nd DM Party, Cartujas","Av. De Mayo 432, Ramos Mejia",Venue: Cartujas;Genre: EBM;Genre: Industrial;Genre: Synth Pop,"El viernes 13 se hacía la segunda fiesta Depeche Mode en Ramos porque era el cumpleaños de Dave Gahan. Concurrimos por motivos bastante distintos. Fuimos con Gonzalo, Diego T y Diego (el que se parece a Fanego). Otra vez mucho Depeche, pero esta vez menos gente todavía (no había mujeres con onda).\n\nLástima que no llevamos música porque se hubiera podido imponer con Rave. Nos descontrolamos bastante con Front 242 y con Unidad de Transmisión ('Prisión Virtual').\n\nDiego T siguió siendo acosado por esa mina y se perdió otra vez varios temas. Una noche bastante olvidable.",/images/1994-Cartujas-13-05-94.webp;/images/TheFirstReport_019b.webp
1027,1994-05-21,The Probe (Fracaso Due),"Hipólito Yrigoyen 3750, Buenos Aires",Venue: The Probe,"Al sábado siguiente, calculo que fue el 21, fuimos con Gonzalo y con Javier, a The Probe, no sé muy bien por qué motivo. Salimos de Ramos con Gonzalo, y nos encontrábamos allá con Javier.\n\nNosotros teníamos que hacer cola mientras esperábamos a Javier. Vino una cara conocida a saludar con su hermana y una fan de Depeche Mode, y me preguntaron por la fiesta y les comenté lo deplorable que era. Se ve que ellas también buscaban free pass porque no entraron.\n\nLlegó Javier y el iba a entrar con sus amigos; el tiempo pasaba y con Gonzalo dijimos 'No tenemos free pass, ni ganas de gastar plata'. Entonces nos fuimos.\n\nEl segundo fracaso de la época maldita en que todo parecía salir mal.",/images/TheFirstReport_020a.webp
1028,1994-06-04,"Unidad de Transmisión, Casa Suiza","Rodríguez Peña 252-254, Buenos Aires",Venue: Casa Suiza;Genre: EBM;Genre: Industrial;Artist: Unidad de Transmisión,"El sábado 4 de junio tocaba Unidad de Transmisión en Casa Suiza otra vez. Fuimos, esta vez vino mi hermano. Salimos de casa con Luis, Diego T y Gonzalo. Caminamos por Av. de Mayo hasta la parada. Estábamos esperando el colectivo y pasaron unos en un auto y nos gritaron algo. Ahí nomas grité 'Rockeros de mierda'.\n\nSeguimos caminando en dirección al centro de Ramos, dos cuadras más adelante nos encontramos con una pizzería, yo iba caminando más atrás y cuando los chicos pasaron, me di cuenta de que los tipos se estaban riendo de nosotros. Me detuve y les grité a los chicos que se estaban riendo de nosotros. Mi hermano gritó 'Pizza puto' y yo grité 'Te vas a morir siendo pizzero'. Continuamos caminando. En esa misma cuadra pasaron otros, no sé si en auto o en moto y nos gritaron, ahí también grité 'rockero hijo de puta' o algo similar.\n\nLlegamos a la esquina donde había una parada de colectivos, y la gente nos miraba porque veníamos gritando de todo. Llegó un colectivo. Tenía máquina y le pregunté a los chicos si traían monedas, el colectivo arrancó y se fue.\n\nResultado: le grité 'Te vas a morir siendo colectivero!'. Diego y Gonzalo se cagaban de risa. Seguimos caminando, llegamos a Alvarado y nos putearon de una camioneta, grité 'Me cago en este país de mierda!' en el silencio que reinaba en el lugar, la gente miraba con cierto temor.\n\nUnidad de Transmisión tocaron más temas, uno medio Rave nuevo muy alucinante, como siempre un grupito de ignorantes bailaron haciendo pogo. Lo que si hubo fue menos gente que la vez anterior (El 30 de Abril estuvo lleno).\n\nA la vuelta nos bajamos del tren, y dos cabezas nos dijeron algo acerca de los peinados. Mi último grito de la salida fue 'Se van a morir arriba del tren!'. Después, íbamos caminando por Avenida de Mayo y pasan unos en un auto y gritan 'Gorila', mi hermano se hizo cargo y gritó 'Putooooo!'. El tipo que manejaba dio la vuelta y fue a saludar a un tipo que caminaba por ahí.",/images/TheFirstReport_020b.webp;/images/TheFirstReport_027a.webp
1029,1994-06-11,New Freedom (Fracaso Nro. 3),"Avenida del Libertador y Paroissien, Buenos Aires",Venue: New Freedom,"Un sábado salimos a conocer una disco nueva que se llama New Freedom. Lamentablemente, hubo una equivocación debido a que aterrizamos en Avenida Libertador, no sé bien a qué altura, y pensamos que estábamos lejos de la dirección, pero resulta que después de la General Paz, Avenida Libertador cambia de nombre y comienza de cero y se llama Avenida del Libertador.\n\nConclusión: estábamos a ocho cuadras y nos tomamos un colectivo que iba para el lado que bajaba Avenida Libertador. Se puso a llover y nos quedamos literalmente boludeando por la Av. 9 de Julio.",/images/TheFirstReport_021a.webp
1030,1994-06-18,New Freedom,"Avenida del Libertador y Paroissien, Buenos Aires",Venue: New Freedom;Genre: Reggae;Genre: Acid House;Genre: Synth Pop,"Al otro sábado, ya sabiendo bien cómo ir al lugar, salimos como de costumbre de la casa de Luciano con Diego T y Hernán. Como llegamos temprano, nos pusimos a escanear la zona. Después volvimos y subimos la escalera negra móvil.\n\nEntrada fácil, pagamos todos cinco pesos. Al principio, mucho reggae, muy poca gente. Después llegaron Laura, con Mariano y una amiga.\n\nEmpezaron a pasar unos temas Acid House, y después de un bloque Techno Pop (Visage, New Order, Cetu Javu, Depeche Mode), la amiga de Mariano quería transar conmigo. El problema no era que fuese lesbiana, aunque más o menos, sino que encima era una chica muy fea. Entonces no.",/images/TheFirstReport_021b.webp
1031,1994-06-25,L'Inferno + Taj Mahal (Fracaso doble),"Alsina 940, Buenos Aires",Venue: L'Inferno;Venue: Taj Mahal,"Otro sábado salimos decididos a conocer L'Inferno, nos encontramos con Diego T, Diego B, Luciano y yo en Alsina y 9 de Julio directamente con Laura y Mariano.\n\nTeníamos unas tarjetas, y fuimos a la cola que se movía rapidísimo. El lugar parecía alucinante y esa cantidad de gente no se veía todos los días. El de la entrada nos dijo que teníamos que esperar que venga un tal 'Perro' para poder pasar (una forma elegante de cortarnos el rostro).\n\nEsperamos un rato, volvimos a la puerta y otro de seguridad nos dijo que el 'Perro' no trabajaba los sábados, y que las entradas que teníamos eran para el viernes. Con toda la bronca nos fuimos, porque teníamos entradas para otro lugar que se llama Taj Mahal.\n\nNos tomamos un taxi porque el maldito colectivo falló (como siempre). Llegamos, hicimos la cola y el de la puerta nos dijo que nuestras entradas ya no servían para entrar gratis. Como era tarde, no entramos y nos fuimos en retirada decadente. Por culpa de terceros fracasábamos una vez más.\n\n Nos sentíamos humillados e indignados. Mejor no acordarse...",/images/1994-LInferno-94.webp;/images/1994-LInferno-94b.webp;/images/TheFirstReport_022a.webp;/images/TheFirstReport_022b.webp
1032,1994-07-03,Noches Alternativas,"TBC, Buenos Aires",Venue: Noches Alternativas;Genre: Alternative/Indie Rock;Genre: Gothic Rock;Genre: Post Punk;Genre: Synth Pop;Genre: EBM;Genre: Industrial;Artist: Valkiria,"Exactamente el día del cumpleaños de Diego T, abría un lugar de los dueños, no sé si el dueño de Lipsy. El pelado de la barra dijo que se iba a llamar 'Noches Alternativas', un nombre que no prometía mucho. Habíamos quedado en encontrarnos en Ramos con todos los chicos.\n\nEstábamos en la casa de Diego con Luis, Valeria, Florencia y Martín. Se hacía tarde y teníamos que salir; yo había llevado el maxi de 'Temple Of Dreams' de Messiah, y 'No Good', pero cuando abrí la bolsita me di cuenta de que me había confundido.\n\nVolvimos a casa con Luis caminando porque queríamos que suene 'No Good'! Llegamos a la casa de Diego y ya era tarde. Florencia y Martín tardaron en darse cuenta de que nos queríamos ir a bailar, y llegamos tarde a Ramos. Los demás ya se habían ido. Tomamos el 96, llegamos a Liniers, subimos al puente y había un 21. Subimos y el chofer me dijo que no nos dejaba, que tomáramos el 28.\n\nBajamos del colectivo, este arrancó y veo que sale una cabeza de una ventanilla; pensé inmediatamente que era un argento rockero que iba a gritar algo. Me equivoqué, era Luciano y emitío un grito desesperado. Imagínense el resto. Esperamos otro, y después de todo, llegamos al fucking lugar. Entramos, entrada barata (parecía un baile de una escuela por los pupitres en la entrada). Adentro, oscuridad y música Dark, tocó Valkiria; no me gustó.\n\nCada vez que sonaba algún tema de Depeche Mode o algo bueno ('What's on Your Mind') el volumen era bajado drásticamente. Nos bancamos mucha música de mierda. Pero en el momento en que sonó 'Mindphaser' con el volumen adecuado, nos descontrolamos totalmente.\n\nLástima que una dark tiró un tablón al piso, se cortó la música, nos pusimos a insultar el lugar, yo grité mi lema (Guitarras a la hoguera!). Retiramos nuestros CD's y nos fuimos. Los darkies nos odian. ",/images/TheFirstReport_023b.webp;/images/TheFirstReport_024a.webp;/images/TheFirstReport_024b.webp
1033,1994-07-17,"Fellini, Julio 1994","Bartolomé Mitre 1851, Buenos Aires",Venue: Fellini;Genre: Deep House;Genre: Tribal House;Genre: Synth Pop;Genre: EBM;Genre: Rave,"Ya había terminado la época de fracasos, por suerte. Uno de esos sábados nos enteramos de que había abierto Fellini, una disco en el centro, cerca de Congreso, y teníamos posibilidades de entrar gratis. Hablé por teléfono con Javier y con Gonzalo para ir. Mi hermano, Valeria, Diego y Carolina iban a ir al Edén en Ramos.\n\nDespués Gonzalo se echó atrás, y Javier también. Fui a la casa de Luciano y salimos para allá. Nos encontramos con Laura y fuimos al lugar. Éramos siete, tres chabones, cuatro minas; entramos todos gratis.\n\nAl principio poca gente, mucho Deep House y sonido Murk, después, Techno Pop y hasta EBM: 'Enjoy The Silence', 'Until Death (Us Do Part)' y 'Never Stop' de Front 242, Nitzer Ebb, New Order, 'Have In Mind', 'Fade To Grey', 'Face To Face', Talk Talk y con lo que más me descontrolé fue con 'Move Any Mountain'. Una frase que quedó 'Faltaron un par de palos, tipo Prodigy' (Gerardo ex-DJ de Lipsy)\n\nAl otro día intercambiamos las experiencias de la noche anterior con mi hermano, que había ido al Edén. Me comentó que, además del comercio habitual y un extenso bloque al estilo Luis Miguel-esque, habían pasado Techno Pop, dos temas EBM (Imagínense cuáles), Dye Witness y The Prodigy.\n\nEvidentemente, había que ir a imponer. Así fue como el sábado siguiente nos juntamos para ir y terminamos dentro de dicho lugar con Diego, Carolina, Javier, Cybertron, Gonzalo, una amiga, Fernando y su novia.\n\nAl principio nos dedicamos a joder, y a tomar algo y bailar algún tema bueno. Al final quedó toda la pista para nosotros. Techno Pop bastante, cinco o seis temas de Depeche Mode, Noname 'Fashion', Cetu Javu, Camouflage, New Order, Soft Cell, Candy Flip, los dos EBM de siempre, más 'Out Of Space' y 'No Good'. Con estos dos alcancé gran velocidad de movimientos. ",/images/TheFirstReport_025a.webp;/images/TheFirstReport_025b.webp
1034,1994-08-12,Teatro Santa María,"Montevideo 842, Buenos Aires",Venue: Teatro Santa María;Genre: Synth Pop;Genre: Rave;Artist: Avant Press;Artist: Codex;Artist: Macross,"El viernes 12 de agosto tocaba Codex y Avant Press en el Teatro Santa María, en el centro. Mi hermano no iba, tampoco iba ninguno de mis amigos.\n\nHablé con Silvia por teléfono y me dijo que estaba cansada, y yo había perdido toda esperanza de ir. De repente me dice '¡Vamos!' Llegamos un poco tarde; había afiches que decían Avant Press, Codex y Macross. En la entrada me dicen que tocaba Codex, Macross. Yo escuchaba pop.\n\nEntramos, había butacas, bastante gente y algo muy importante: Macross, un grupo muy Rave, un sintetizador, un sampler y tres tipos que, después de un momento en el tema en que la melodía quedaba sola en un corte, percusión rápida y poderosa y voces aceleradas, los del grupo se ponían a bailar y dejaban a las máquinas solas.\n\nDespués tocó Codex, estuvo muy bueno. Proyectaban imágenes gloriosas (Robotech, Anime) en una pantalla atrás del escenario.",/images/1994-TeatroSantaMaria-12-08-94.webp;/images/TheFirstReport_030b.webp
1035,1994-08-13,The Age of Communication,"Marcelo Torcuato de Alvear 405, Buenos Aires",Venue: The Age of Communication;Artist: DJ Union;Genre: House;Genre: Deep House;Genre: Tribal House,"El sábado 13 de agosto fuimos con Silvia a Fellini, donde nos íbamos a encontrar con amigos de ella, Diego, Carolina, Gonzalo, Javier, Luciano y Laura. Llegamos un poco más tarde de lo previsto.\n\nNos encontramos con Javier y Gonzalo y nos pusimos en la cola. Después llegaron Luciano con Laura y entraron directamente. No podíamos entrar porque Javier insistió al tipo de la puerta con que llame a una tal Marina. Después llegaron Diego y Carolina y decidimos hacerle caso a Javier, y nos fuimos a The Age of Communication.\n\nUno de los lugares más locos a los que fui, con distintos salones, repartidos en un caserón viejo, pista con forma de L, biblioteca, negocios de ropa rara; bailé poco, subimos con Silvia a la biblioteca, dibujamos un poco y había una mesa en la que se podía escribir y ella dejó mensajes en alemán. Conocimos la terraza y nos habremos ido media hora antes de que termine porque era mucho para nosotros.",/images/1994-AgeOfCommunication.webp;/images/TheFirstReport_030a.webp
1036,1994-08-20,"Fellini, Agosto 1994","Bartolomé Mitre 1851, Buenos Aires",Venue: Fellini;Genre: Deep House;Genre: Techno;Genre: Trance;Genre: Synth Pop;Genre: Rave,"Un sábado de agosto fuimos con Javier, Luis y Valeria a Fellini. Al principio, Deep House y Trance, después Techno Pop viejo, después de dos temas Trance acelerados, Depeche Mode, The Shamen ('LSI' y 'Boss Drum'), bastante descontrol con este último.\n\nEl lugar se llenó de gente; también había muchos industriales.",/images/TheFirstReport_031a.webp
1037,1994-08-27,"Fifth Avenue, Agosto 94","Cabildo y Juramento, Buenos Aires",Venue: Fifth Avenue;Genre: Dance;Genre: Trance;Genre: Tribal House;Genre: Synth Pop;Genre: EBM;Genre: Acid House;Genre: New Beat,"A fines de agosto fuimos con Silvia a bailar a Fifth Avenue en Belgrano, porque una amiga le había recomendado el lugar. Típica disco concheta, buena iluminación y buen sonido. Un sector de la gente estaba vestido de negro.\n\nMucho Dance, Trance, Tribal al principio. Nos divertimos mucho; ella me hizo probar un Tía María, pero no me gustó. Pasaron un poco de Acid House, algo de New Beat (16 Bit, 'Electrica Salsa'), Techno Pop (Cetu Javu, Depeche Mode, New Order), 'Headhunter', 'Join In The Chant (Burn!)' y 'Los Niños Del Parque'.\n\nEstos últimos dos los bailé yo y un industrial nada más; eso fue bastante imponente. No nos quedamos hasta el final, nos fuimos un rato antes.",/images/TheFirstReport_031b.webp
1038,1994-09-03,"Fifth Avenue, Septiembre 94","Cabildo y Juramento, Buenos Aires",Venue: Fifth Avenue;Genre: Dance;Genre: Tribal House;Genre: Synth Pop;Genre: EBM;Genre: Rave,"El sábado siguiente arreglamos otra vez para ir a Fifth Avenue con Silvia, Alejandra, Javier, Gonzalo y unos amigos de Silvia. Diego T no podía venir porque estaba enfermo, Diego B no quería venir porque estaba dormido, entonces después de una tarde de sábado colgando del teléfono para armar un grupo de gente para salir por la noche, tuve que llevar a mis viejos a la casa de mis tíos en Flores; después volví a buscar a los chicos, y finalmente salimos. Nos encontramos en Ramos con los amigos de Silvia, una pareja que estaba en auto; entonces Silvia y Alejandra fueron en auto y yo en la F-100, con Javier y Gonzalo. Habíamos puesto un cassette con mucho Rave y estuvimos todo el viaje con Rave y Hardcore a todo volumen.\n\nLlegamos y fuimos a un McDonald's o un Burger King a comer algo. A la salida, estábamos caminando por Cabildo; yo iba con Silvia, miro para adelante y estaban Jessica y la hermana mirándome fijamente. Yo me hice el que no me di cuenta y seguí de largo.\n\nEntramos y las entradas, que nos habían dado no eran free passes como decían. Esta vez la música cambió un poco. Hubo un poco más de cosas desubicadas. Nos divertimos mucho; Silvia se descontroló bastante. Al final pasaron New Beat, industrial y después no me acuerdo porque me fui de la pista.\n\nCuando volví, estaban pasando 'Who Is Elvis?'; habían pasado dos temas de The Shamen y nos recontra descontrolamos con Gonzalo con un tema muy acelerado que no conocíamos. Mucha gente estaba mirando.",/images/TheFirstReport_032a.webp;/images/TheFirstReport_032b.webp
1039,1994-09-24,The Probe,"Hipólito Yrigoyen 3750, Buenos Aires",Venue: The Probe;Genre: Acid House;Genre: Dance;Genre: EBM;Genre: Industrial;Artist: Fase Uno;Artist: Vrektoor,"En septiembre del 94, estuve tres sábados sin salir a bailar después de la última vez en Fifth Avenue.\n\nUn domingo fuimos con Luis al Parque Rivadavia, nos encontramos con Luciano y con Pablo de Vrektoor, que nos dio free passes para The Probe. El sábado siguiente fuimos con Javier y Gonzalo a The Probe y esta vez pudimos entrar y gratis, la proverbial vencida.\n\nTocaron Vrektoor y Fase Uno. La estructura de la disco es de lo mejor que vi. Sonido perfecto, comparable a Lagarto. Mucho Dance, nada de guitarras. Sala de arte, anfiteatro. Vrektoor y Fase Uno cada vez peor, mucha gente, el lugar completamente lleno, toda la movida alternativa.\n\nSubimos y pasaron un tema Acid, después 'Headhunter', 'Never Stop!' y 'Monkey Say, Monkey Do'. Después se fueron de tema con cosas más Dance. Bastante bueno por no pagar nada.",/images/TheFirstReport_033b.webp
1040,1994-09-30,El Living,"Marcelo T. de Alvear al 1500, Buenos Aires",Venue: El Living;Genre: Alternative/Indie Rock;Genre: Synth Pop;Genre: Pop;Artist: Avant Press;Artist: Codex,"El viernes 30 de septiembre tocaba Codex y Avant Press en El Living, un lugar Under en Marcelo T. de Alvear.\n\nCuando llegué de la Universidad, yo no tenía un mango, mis viejos no podían darme guita, Javier no venía por el mismo motivo. Diego T me llama a las 11 (el show empezaba a las 12), me convence de ir y se ofrece a pagarme la entrada. Llegamos justito cuando estaban por empezar. Era la cuarta vez que iba a ver a Codex. Avant Press dejó de interesarme a esa altura.\n\nEn eso, alguien me toca la espalda, me doy vuelta y era Luciano, que había ido con Laura. Gritamos un par de cosas. El show no fue tan espectacular como el anterior; presentaron un tema nuevo que no me gustó. Lo demás, tan bueno como siempre. Nos fuimos después de ver unos CD's y tomar algo porque la música era horrible y la gente era un desastre. Diego T tenía entradas para El Templo (Ramos Mejía, no el de Valencia!), pero a partir de las 11 PM.\n\nMientras nosotros íbamos a pata (o sea, dos colectivos), los amigos o compañeros de Diego volvían. Eran como las seis de la mañana; los de la puerta del Templo nos impidieron llevar a cabo la ruta del bakalao.\n\nVolvimos caminando por Av. de Mayo, y después por Alvarado. Lo más extraño de todo es que, llegando a Alvarado y Alvear, vemos que se baja uno de un taxi. Era Luciano y los tres gritamos. Había una posibilidad en miles de encontrarnos, porque nosotros esperamos mucho los dos colectivos y fuimos a la puerta del Templo. Sin embargo, hay coincidencias que nos hacen pensar, y que dan miedo.",/images/TheFirstReport_034a.webp;/images/TheFirstReport_034b.webp
1041,1994-10-22,New Lipsy,"Av. Federico Lacroze 2620, Buenos Aires",Venue: Nuevo Lipsy;Genre: Alternative/Indie Rock;Genre: Gothic Rock;Genre: Post Punk;Genre: Synth Pop;Genre: Hardcore;Genre: Rave;Artist: Casual Danza,"El sábado 22 de octubre, los de Lipsy hacían una fiesta en un salón en Belgrano. Fuimos con Luciano, Gonzalo, Diego y Carolina. Tocaba Casual Danza, una basura, onda Virus pero con notas de mierda en todos los temas, guitarras y demás blasfemias. Después, mucha música dark y alternativa.\n\nPasaron 'Feeling Down' de Camouflage, 'Behind The Wheel', después de nuevo dark. Tocó un segundo grupo y con Gonzalo salimos a caminar por Cabildo a buscar algo para tomar. Cuando volvimos, hubo un desfile de la marca de ropa darkie Sixxxy y después más música dark.\n\nAislado, 'World In My Eyes' de Depeche Mode. Rato después suena 'Welcome To Paradise', y nos ponemos a bailar. Después, otro tema industrial. 'This World Must Be Destroyed (DSMO1)' y empezamos a entrar en calor pero no sonaban los graves porque el lugar no era puro. Yo quería Rave, pero lo veía improbable, a pesar de que Cybertron había ido a pedir y el DJ le prometió algo.\n\nDetalle: Cuando llegó Cybertron, Luciano gritó 'Cybertron' y los amigos que venían con él también saludaron. Entonces Cybertron empezó a levantar el brazo derecho y a gritar, muy carismático él.\n\nDespués de 'This World Must Be Destroyed' escucho la palabra 'OVERDOSE'. Por increíble que pareciera pasaron 'Close Your Eyes' de Acen y nos descontrolamos con otros industriales. Éramos más de diez technosos, híper descontrolados, descargando mucha energía de golpe.\n\nQuedamos muy destruidos; la gente alrededor solo podía mirar. Como siempre, nosotros imponiendo con el Rave y la velocidad mientras los retrógrados miran.",/images/1994-Lipsy.webp;/images/1994-Lipsy-B.webp;/images/TheFirstReport_034a.webp;/images/TheFirstReport_034b.webp
1042,1994-10-29,2nd House Rave,"Ramos Mejía, Buenos Aires",Venue: Home;Genre: Hardcore;Genre: Industrial;Genre: EBM;Genre: Synth Pop;Genre: Rave,"El sábado 29 de octubre hicimos una rave party muy descontrolada en mi casa. Empezamos a planear todo un mes antes. Había que elegir temas gloriosos y raros, pero tener cuidado de que no contengan nada de guitarras. La consigna era hacer una fiesta con música electrónica pura o sea Techno.\n\nNos reunimos en casa con Diego T y Luciano para seleccionar los temas que tenían que estar. Luis había conseguido unos barbijos (tipo Altern 8), que se los dio el padre de Martín, que era dentista. Los días previos a la rave estábamos terriblemente excitados, y en lo único que pensábamos era en la fiesta. Eso sumado a que no había un buen lugar para ir a bailar, aumentaba la necesidad de velocidad y diversión.\n\nComo todo sábado, ese día tuvimos que ir a Inglés temprano a la mañana, entonces después del mediodía fuimos a dormir una siesta, pero en las dos horas no pude dormir pensando en lo que iba a pasar. Nos levantamos, nos cortamos el pelo y fuimos a comprar las bebidas y la comida. Después pasé a buscar a Luciano y a Diego T. Luciano trajo un centro musical, discos, CD's, cassettes y un mixer. Diego aportó con dos parlantes, CD's y discos. Leonardo ya estaba en casa y se ocupó de traer un mixer, CD's y un discman.\n\nEmpezamos a conectar los equipos que teníamos, yo subí dos cajas con CD's y Luis armó la computadora para que haya imágenes y animaciones imponentes durante el descontrol. Ariel iba a tener su amplificador Technics y dos bafles de 100 watts a eso de las 8:30 o las 9:00.\n\nVinieron Valeria, Pablo, Hernán, Pablo 2, Silvia, Luciano, Laura, Leonardo, Macarena, otra chica, Diego G, Diego T, Carolina, Laurita, Marcelo, Natalia, Javier, Martín, Gonzalo, Diego B, Yamila, Martín, Florencia, Ariel, Patricio, Nora y Rodrigo.\n\nCuando Ariel llegó, ya había llegado Leo con su grupo y ya la gente quería música, entonces conectamos todo y superamos un par de problemas técnicos rápidamente y comenzó a sonar Techno Pop y temas de And One. Seguía llegando gente; se apagaban las luces de a poco. Rato antes me llamó Silvia para preguntarme qué quedaba mejor, si el pantalón de cuero dentro o fuera de los borceguíes.\n\nEstaba yo afuera en la terraza charlando con Florencia y con Martín y en un momento se paró la música y yo seguí hablando como lo venía haciendo, o sea, con el tono de la voz bastante alta. Se escuchó justo que dije 'Esto va a ser un descontrol'.\n\nEran un poco más de las diez cuando el volumen de los equipos se levantó y se largó todo. Creo que el primer tema fue uno Trance muy acelerado y después pasaron algo de Rave y 'Out Of Space' de The Prodigy. Después 'Wind It Up (Live)' en pleno comienzo del caos.\n\nYa había llegado casi todo. Dos temas después de que se largó, llegó Silvia y el grupo casi estaba completo. Faltaba que llegara Rodrigo y el último que llegó fue Javier, justo cuando se iban Patricio y Nora (aunque después Patricio volvió más tarde).\n\nLa música variaba del Rave más acelerado a Techno Pop clásico y no tanto, algo de industrial golpeado y un poco de Trance. Las imágenes de la computadora reflejaban más o menos lo que se bailaba en ese momento. Ocurrió con Anything Box, con Information Society y con The Prodigy.\n\nHernán y el amigo trajeron una botella de whisky. Afuera en la terraza estaba la heladerita de camping, llena de cerveza. De abajo subían jugo de naranja y algo para comer. Mi hermano bajó a buscar los barbijos abajo (dust masks) porque estaban pasando 'Frequency' de Altern 8. Las subió, me dio una, nos las pusimos y la gente no podía creerlo. Tiré el resto de los barbijos al piso y se convirtió a uno de los puntos más descontrolados de la rave, porque después siguió The Prodigy, Dye Witness y Moby ('Thousand'), con el cual revivimos lo de Crazy House.\n\nAriel prendía y apagaba la luz, Luciano dejaba las bandejas y se unía al gran grupo de ravers formado por Luis, Diego, Carolina, Laurita, Gonzalo, Javier y yo; no sé si Leonardo y alguien más, éramos un montón. Todos gritamos y nos retroalimentamos de ganas de seguir bailando Rave. Leo bailó el tema Trance que se aceleró y me dijo 'Hace tiempo que no me movía tanto como hoy, ¡que temazo!'\n\nMás tarde, Ariel, Javier, Gonzalo, Carolina y Laura salieron a buscar una botella de vodka. Después nos contaron que Javier y Gonzalo iban en el auto con los barbijos puestos y saludaban a la gente en autos y los conchetos en Station, y se cagaban de risa.\n\nEmpezaron a preparar mezclas Silvia y Ariel con el objetivo de emborrachar a Diego B y le ponían más cantidad de vodka o Whisky que de jugo de naranja, Fanta o Paso de los Toros Pomelo. Llegaron a ponerlo alegre, no en pedo porque Diego B no tomaba todo lo que le daban.\n\nSilvia tomó mucho; cada vez que la veía, estaba en la heladera mezclando bebida. Yo tomé bastante, pero no me llegó a afectar. No comí nada. Bajé los escalones mil veces. Me peiné con fijador tres veces. Me cambié los zapatos por los borceguíes porque el piso era muy resbaladizo.\n\nLa rave seguía siendo una masa. Todo estaba saliendo mejor de lo que esperábamos. Marcelo pasó un poco de música. Pusimos unos temas de Luis y uno mío, algo de Leo y algo de Luciano y Marcelo. Me quedó una frase de Hernán: 'Con estas máscaras, la gente se va a pensar que somos ecologistas, pero los vamos a matar a todos!'.\n\nNos sacamos las ganas de bailar muchas cosas gloriosas como 'Dominator' y 'Me The Power' de Human Resource, 'Your Destination' de Pat Krimson, 'Ruff In The Jungle Bizness' de The Prodigy, Utah Saints, etc.\n\nEn un momento de música industrial Leo le pidió a Luciano que ponga el CD de Armageddon Dildos. Lo puso y después de una intro bastante buena, empieza un tema muy violento pero con guitarras, así que tuvimos que pararlo. Yo tengo la conciencia tranquila, no puse nada que tenga guitarras esa noche.\n\nHubo un momento de un buen bloque Techno Pop que bailó un montón de gente, todos cantando, algunos muy contentos porque querían escuchar un poco de eso. Igualmente, no fue demasiado Rave como para que la gente llegue a cansarse, ni mucho menos.\n\nEn un momento subí y escucho 'One Fine Day' de Camouflage; voy, aprieto STOP y digo 'a estos no se los puede dejar solos; voy un rato abajo y van y ponen un tema con guitarras'.\n\nDespués de bailar mucho Rave, mis mechones estaban totalmente descontrolados, y los chicos me empezaron a gritar que era Dark. En un momento, la música se detuvo y me preguntaron si era dark. Yo respondí que era un technoso puro y guitarras a la hoguera.\n\nTambién hubo un bloque industrial con un par de temas de Nitzer Ebb y And One. Todos estábamos muy eufóricos, bailando y gritando. Laura (novia de Luciano) se puso a bailar (únicamente Nitzer Ebb, curiosamente) y muy imponente todo. Amé a la gente que estaba en la fiesta en un momento.\n\nGonzalo estaba muy feliz con el barbijo puesto y me preguntó si tenía algo para pintarlo de negro. Nos adueñamos de las bandejas por unos momentos; ya era bastante tarde, y puse 'Poison' de The Prodigy y lo bailamos con Diego T, Luis y Javier. Una zona estaba resbaladiza porque a Javier se le cayó un vaso al piso. The Prodigy fue el grupo de la noche.\n\nMás tarde me hice cargo de las bandejas con muchas dificultades; Javier, que me bajaba el volumen; Marcelo, que me pedía que ponga un cassette con música suya; y un cable, que cada vez que lo pisaba, le cortaba la corriente del amplificador. Puse 'Welcome To My Mind' de Psykosonik (Anesthesia Mix) y lo bailamos solamente Diego T y yo en forma imponente. Javier estaba del lado de afuera agarrado de las rejas de la ventana y cantaba: 'Welcome to my mind, Welcome to my mind!”\n\nEn un momento puse la Harcore Mix de 'Temple Of Dreams' y, bailando de forma muy descontrolada, me caí al piso en la parte que estaba húmeda, y me levanté enseguida y seguí. La gente aplaudió el hecho. Gonzalo estaba siempre cerca de la Commodore Amiga, como al final que estaban escuchando los archivos bajados de una BBS de música.\n\nJavier estaba muy descontrolado y quería escuchar New Order y Camouflage, pero temas que tuvieran guitarras, estaba encaprichadísimo. Puso 'Love Is A Shield' y lo tuve que parar porque es un tema muy bueno pero impuro. Silvia y Javier me vinieron a pedir, por favor, que lo pase, pero les expliqué que no podía ni pasarlo, y que había temas mejores que se podían pasar.\n\nSalió todo mucho mejor de lo que esperábamos; todo, absolutamente todo, era perfecto. La música, la gente, las actitudes. No detecté un solo momento de mala onda, ni tuve tiempo de detenerme a pensar un momento. Fue un presente total en una semana común y cualquiera. Un momento para hacer lo que queríamos y olvidarnos de las malditas obligaciones y rutinas. Todo sale casi perfecto si depende de nosotros. Si esto no lo organizábamos nosotros, estoy seguro de que no lo hace nadie.\n\nEspero ansiosamente las fotos que se sacaron en momentos únicos, casi imposibles de describir en unas pocas líneas.",/images/TheFirstReport_038a.webp;/images/TheFirstReport_038b.webp;/images/TheFirstReport_039a.webp;/images/TheFirstReport_039b.webp;/images/TheFirstReport_040a.webp;/images/TheFirstReport_040b.webp;/images/TheFirstReport_041a.webp;/images/TheFirstReport_041b.webp;/images/TheFirstReport_042a.webp;/images/TheFirstReport_042b.webp;/images/TheFirstReport_043a.webp;/images/TheFirstReport_043b.webp;/images/TheFirstReport_044a.webp
1043,1994-11-24,"Pasajero 0, Die Schule","Alsina 1671, Buenos Aires",Venue: Die Schule;Genre: Hardcore;Genre: Industrial;Genre: EBM;Genre: Experimental;Genre: Synth Pop;Genre: Rave;Artist: Burt Reynolds Ensemble;Artist: Codex;Artist: Macross;Artist: Uno x Uno,"El 24/11/94 fuimos con Silvia, Diego T y Gonzalo a Die Schule a la primera noche del ciclo Pasajero 0, del cual iban a tomar parte Uno x Uno, Codex, Macross y Burt Reynolds Ensemble.\n\nEra a las 9 de la noche; llegamos a las 9:30 después de dar un par de vueltas de más con la F-100 escuchando Rave y Hardcore. Entramos directamente porque era gratis. Estuvimos un rato esperando porque todavía faltaba gente y mientras había música industrial para escuchar (Bigod 20 'One', Nine Inch Nails). No pude creer cuando sonó 'Serial Killers Don't Kill Their Girlfriend' de Front 242.\n\nDespués prendieron luces de colores y flashes, y algunos industriales fueron a bailar Nitzer Ebb. Después de ese tema vino uno lleno de abejorros y muy acelerado, y fuimos a imponer con Gonzalo y Diego T. Pasaron dos o tres temas Trance rápido y después comenzó Macross. Tocaron tres temas y estuvo alucinante. El primero tenía una intro gloriosa; el tercero era uno que ya conocía con abejorros y voces aceleradas.\n\nDespués del show fuimos a felicitar personalmente a dos de los miembros de Macross; al pelado le dijimos que era lo mejor que escuchamos de música nacional ese año, y que los felicitábamos por no usar guitarras. Nos contestó: 'No, eso no'. Le dije que teníamos un grupo de gente a la que le gusta el Rave y el Techno, que éramos de Ramos Mejía, y nos comenta que ellos eran de Santos Lugares y que su grupo favorito era Einstürzende Neubauten.\n\nUn rato más tarde empezó el show de Uno x Uno, pero se nos hacía tarde y nos fuimos. Aparte, era muy experimental para nuestro gusto.",/images/TheFirstReport_046a.webp;/images/TheFirstReport_046b.webp;/images/TheFirstReport_047a.webp
1044,1994-12-03,"Pet Shop Boys, Teatro Opera","Av. Corrientes 860, Buenos Aires",Venue: Teatro Opera;Genre: Dance;Genre: House;Genre: Synth Pop;Genre: Pop;Artist: Pet Shop Boys,"El 2 y 3 de diciembre tocaba Pet Shop Boys en el Teatro Ópera. Fuimos el sábado y estuvo alucinante. Antes del show sonó un tema de Kraftwerk. Tocaron 'I Wouldn't Normally Do This Kind Of Thing', 'Domino Dancing', 'So Hard', 'Absolutely Fabulous', 'Rent', 'Suburbia', 'Liberation', 'Can You Forgive Her?', 'Go West', 'Left To My Own Devices', 'It's A Sin', 'Where The Streets Have No Name', 'Always On My Mind', 'Being Boring', 'Yesterday, When I Was Mad', 'Boys and Girls', 'Paninaro', 'West End Girls'.\n\nEn el medio de un tema metieron 'Mr Vain' de Culture Beat; en 'Left To My Own Devices' metieron 'Rhythm Of The Night'; en 'It's A Sin' metieron 'I Will Survive'. A 'Boys and Girls' le sacaron las guitarras. A 'Rent' y 'Suburbia' les agregaron guitarras, les sacaron las máquinas. La versión de 'Yesterday, When I Was Mad' fue la de Jam & Spoon y fue un highlight del show, con un juego de luces impresionante. En un tema salieron dos bailarines vestidos con camisetas de fútbol de Argentina, grité 'Nooooo!', y se dieron vuelta un par de ponytails. El show fue increíble.\n\nDespués nos quedamos afuera y vimos cómo cargaban los equipos a los camiones. En una de esas cajas decía DEPECHE MODE, o sea que los técnicos serían los mismos que en el recital de Depeche Mode, o laburaban para la misma compañía.\n\nDetalle: Cuando estábamos en la parada de colectivos en Flores, había una gorda cerca nuestro, pasó un auto y unos chicos les gritaron 'AGUANTE MOBY DICK!'\n\nEl show duró más o menos 1 hora y media; nos quedamos re copados con Pet Shop Boys porque, como se sabe, muy de vez en cuando viene un grupo a las southern lands, y no hay que perdérselo y no podíamos faltar.\n\n'Fantastic!' (Chris Lowe)",/images/1994-PetShopBoys-TeatroOpera-03-12-94.webp;/images/1994-PetShopBoys-TeatroOpera-03-12-94b.webp;/images/1994-PetShopBoys-TeatroOpera-03-12-94c.webp;/images/1994-PetShopBoys-TeatroOpera-03-12-94d.webp;/images/TheFirstReport_047b.webp;/images/TheFirstReport_048a.webp;/images/TheFirstReport_048b.webp
1045,1994-12-30,Stuttgart,"Av. Rivadavia 14318, Ramos Mejía",Venue: Stuttgart;Genre: Dance;Genre: Reggae;Genre: Synth Pop,"Fuimos con Luis y Diego T en la F-100 y entramos con un descuento importante gracias a un contacto.\n\nEl lugar estaba lleno de gente, bastante común y pendeja, con mucha música nacional horriblemente latina y fiestera, y nosotros realmente no esperábamos mucho del lugar.\n\nMás tarde nos encontramos con Fernando (DJ de Backstage) y dos amigos; por lo menos había alguien con quien imponer. Pasaron todo tipo de música horrible (marcha trucha, Reggae, Ska y Salsa).\n\nEn el típico bloque de 'recuerdos' pasaron 'Just Can't Get Enough', 'Bizarre Love Triangle', 'A Little Respect' y 'Only You'. Después el DJ se fue de tema, pero definitivamente con el tema con el que más nos descontrolamos fue 'Witch Doctor' y toda la gente que quedaba miraba nuestros movimientos mentales.\n\nQué distintos somos con respecto al resto de los mortales que poblaban la pista. Ellos buscan fiesta, nosotros música muy específica. ТЕКНФ nada más. Life isn't easy in Amerika.",/images/1994-Stuttgart-94.webp;/images/1994-Stuttgart-94b.webp;/images/TheFirstReport_049a.webp;/images/TheFirstReport_049b.webp
1046,1995-01-14,Fellini 1995,"Bartolomé Mitre 1851, Buenos Aires",Venue: Fellini,"Fui solo - Llegué antes que los dueños - Encontré a Larry - Después vino Javier - Entramos gratis - La parte de atrás cerrada - Sólo el salón modernoso está habilitado - Muy buena música - Gente variada, pero no necesariamente interesante - Dolor de cabeza - Tres pesos en el piso - El imbécil de Ariel - Más dolor de cabeza - Nos quedamos hasta tarde - Desayuno - Adidas con plataformas – Rolo, amigo de Javier (policía), que le molestaba que los ancianos madruguen. Sol, calor, subte, colectivo y finalmente, cama.",/images/1995-Fellini02.webp;/images/1995-Fellini02b.webp;/images/1995-Fellini01.webp;/images/1995-Fellini01b.webp;/images/TheFirstReport_050a.webp
1047,1995-01-21,"La Obsesión de Fellini: Menos es nada","Bartolomé Mitre 1851, Buenos Aires",Venue: Fellini;Genre: Acid House;Genre: Synth Pop;Genre: Pop;Genre: Rave;Genre: Hard Trance,"Fuimos a Fellini con Diego T, donde nos íbamos a encontrar inicialmente con Luciano o Laura y con Javier, pero después de arreglar con Diego y con Daniel, que al final no fue, llamé a Javier y me contó que él y sus amigos no iban a ir a Fellini porque Gustavo López hacía una fiesta descontrolada en su casa (música + alcohol + estimulantes) y que no se la podía perder. Pero como yo ya había arreglado para ir a Fellini no pude re-arreglar nada.\n\nDiego T vino a comer a casa, en el camino se le rompió la suela de un zapato y tuvo que ir a buscar otro calzado. Después de escuchar 'Lies, Inc' de Snog, salimos.\n\nNo sé a qué hora llegamos, pero Luciano no estaba, comenzamos a caminar porque la actividad nunca cesa. Después de un rato volvimos para Fellini y no se veía mucha gente entrando, ni en los alrededores.\n\nEn ese momento me vino una necesidad urgente de ir al baño y para solucionarlo fuimos a un café. Pedimos dos cokes y fui a 'release the pressure', upstairs. Cuando la chica nos trajo las cocas, nos preguntó qué onda teníamos y respondí Тechno!\n\nNos contó que era Dark y nos mostró un colgante de The Cure, aparte nos dijo que le gustaba Siouxsie, Bauhaus, Sisters Of Mercy, New Order y Depeche Mode. Después nos contó que iba a bailar a Lipsy con unas amigas ('el grupo de las que se visten de negro'), y que también iban a Bunker y a la Age. Nos preguntó dónde íbamos esa noche y si abría los domingos. Muy simpátika.\n\nNos fuimos a la puerta de Fellini y nos quedamos escuchando la música de afuera, hasta que nos decidimos a entrar; se escuchaba Duran Duran, The Beloved, Madonna. En eso veo a Luciano y a Laura adentro y entramos. Gracias a Laura tuvimos los dos por $15. El resto para los CD's!\n\nEl lugar casi vacío, pero igual logramos imponer nuestra onda con bastante buen Trance, 'Phorever People', 'Yesterday, When I Was Mad', 'Vanishing Point', 'Monkey Say, Monkey Do'. Gran parte del Trance era ácido. Nos quedamos hasta las 6 de la mañana aproximadamente. Después caminamos todo Lavalle y Florida en busca de material gráfico/impreso. Terminamos destruidos, pero somos así. Incansablemente activos.",/images/1995-Fellini01.webp;/images/1995-Fellini02.webp;/images/1995-Fellini02b.webp;/images/TheFirstReport_050b.webp;/images/TheFirstReport_051a.webp;/images/TheFirstReport_051b.webp;/images/TheFirstReport_052a.webp
1048,1995-01-28,La Obsesión de Fellini (Higher),"Bartolomé Mitre 1851, Buenos Aires",Venue: Fellini;Genre: Techno;Genre: Hard Trance,"Teknocrew: Luis, Javier, Gonzalo, Karina y yo. Después de un incómodo viaje llegamos, dimos vueltas por Paseo La Plaza y luego entramos. Karina pasaba gratis, entonces Gonzalo tenía que aportar con algún trago. Fuimos los primeros en entrar.\n\nEstuvimos sentados en los sillones del cuarto verde con sillones típicamente modernosos onda La Constitución. Esperando, bostezando...después entró gente de a poco, pero finalmente nos pusimos a bailar como es debido a las 6 de la mañana después de vodka + naranja y un poco de sillón.\n\nMuy buenos temas Trance cuadrados algunos, otros rápidos y modulantes. Mucho mejor que el sábado anterior y cuatro veces más gente.",/images/1995-Fellini02.webp;/images/1995-Fellini02b.webp;/images/1995-Fellini01.webp;/images/1995-Fellini01b.webp;/images/TheFirstReport_052b.webp;/images/TheFirstReport_053a.webp
1049,1995-02-18,Fellini: Technohead's Life,"Bartolomé Mitre 1851, Buenos Aires",Venue: Fellini;Artist: Urban Groove;Genre: Acid House;Genre: Synth Pop;Genre: EBM;Genre: New Beat;Genre: Rave,"Organizamos en dos minutos para ir a Fellini con Javier, Luis, Valeria y Yamila. Yo no tenía pensado salir, pero pensé que era mejor salir porque no quería quedarme en casa.\n\nA pesar de que ya habíamos arreglado con Diego T para encontrarnos en el Parque Rivadavia el domingo a las 10:45, salimos sabiendo que no íbamos a dormir.\n\nLlegamos antes que Javier, entramos todos sin pagar un centavo gracias a Gustavo López. Bailamos muchos temas Trance acelerados, cuadrados y espaciales. Después 'Brazil', 'Blue Monday' y 'Jack To The Sound Of The Underground' entre los temas viejos. Muy bueno. Creo que es el único lugar que existe para ir a escuchar buena música y a bailar a pesar de los traficantes, los viejos o los modernosos.\n\nEstuvimos hasta las 7:30 de la mañana, y nos fuimos en parte por Valeria y Yamila, y en parte por la cantidad de drogadictos que vimos (merca). Las acompañamos a la parada del 1, y nos fuimos con Luis al Parque (Javier quedó en Fellini).\n\nLlegamos dos horas y media antes de lo que habíamos acordado con Diego T, por lo que nos sentamos en los bancos de la plaza para a esperar que llegue la hora. Finalmente llegó Diego T, y compramos material gráfico (recortes de revistas importadas, principalmente británicas, pero también brasileras), a la gorda del Fan Club de DM, de Kraftwerk, Information Society y The Shamen. Compramos casi todo lo que había!",/images/1995-Fellini01.webp;/images/1995-Fellini01b.webp;/images/1995-Fellini02.webp;/images/1995-Fellini02b.webp;/images/TheFirstReport_059b.webp;/images/TheFirstReport_060a.webp
1050,1995-03-12,"Fiesta NRG & D'Mode, El Cielo","Av. Costanera Rafael Obligado y Av. Sarmiento, Buenos Aires",Venue: El Cielo;Artist: Eric Morillo;Artist: Armand Van Helden;Genre: Deep House;Genre: House;Genre: Trance;Genre: Tribal House,"Reconozco que caminamos demasiado hasta llegar a El Cielo. Entramos sin ningún problema, y parece que llegamos en el momento justo porque sonaba una sirena (no había gente grasa a la vista), y comenzó el glorioso discurso 'This is my house...and in my house you see...I'm the creator...House music is the universal language, spoken and understood by us'.\n\nEl lugar estaba lleno y la primera impresión fue inolvidable. Después comenzaron a aparecer las atracciones principales: Eric Morillo, que puso música bastante buena. DJ Dero, que a pesar de que puso dos de sus temas, lo demás estuvo bueno.\n\nDespués le tocó a Armand Van Helden, que puso muy buena música ('Witch Doctor'), pero definitivamente Jorge Kisieluk fue el que mejor música puso.\n\nTrance muy Under y cosas muy Fellini. Con excepción de esos dos temas del cabezón, no hubo cosas muy comerciales. Deep House, Tribal (poco) y bastante Trance, justo en ese momento en que NRG cambió un poco, y a la tarde se escucha una locutora demasiado convencional y música débil tipo Fito Páez o Diego Torres.\n\nEn la fiesta no sonó una puta cuerda, por lo que fue bastante pura, o no? Luis, Diego T y yo (siempre).",/images/1995-ElCielo-12-03-95.webp;/images/TheFirstReport_060b.webp;/images/TheFirstReport_061a.webp
1051,1995-03-17,Hook,"Av. Federico Lacroze 2988, Buenos Aires",Venue: Hook;Genre: EBM;Genre: Gothic Rock;Genre: Post Punk;Genre: Industrial;Genre: Synth Pop;Artist: Hera;Artist: Punto De Fuga,"El viernes 17 de marzo fuimos a un pub llamado Hook con Diego T, Leo, Diego B y Javier, y allá nos encontramos con Luciano, Laura y Mariano. Entramos pagando menos de lo debido; sin embargo, el tipo de la entrada nos dio cuatro consumiciones.\n\nPrimero tocó un grupo Dark (Punto De Fuga); tocaron demasiados covers de The Cure. En un momento subió al escenario (en realidad no subió porque el escenario no era alto, sino al nivel del suelo) un tipo vestido de mujer con bigote a lo Fontova, detalle muy delirante a mi juicio. Ya estaban tomando y ese detalle me cayó muy bien. Ya estaba realmente mareado.\n\nDespués le tocó el turno al grupo Hera, luego de un corto intervalo en el cual Javier fue a buscar un vodka con limón, corrimos las sillas para ver mejor y escuchamos sus covers de 'World In My Eyes' y 'Boys Don't Cry'.\n\nEl vocalista tenía imagen muy común (Jeans + remera blanca) y cara muy 'Condorito', y cada vez que gritaba o alzaba la voz, nosotros nos cagábamos de risa. Hicieron tres covers de Depeche Mode: 'The Sun & The Rainfall', 'A Question Of Time', y 'Stripped'. Creo que ninguno más pero con un grupo local nunca se sabe.\n\nLuciano gritó: 'Depeche no va más', y yo 'Argentina no va más'. Como dije antes, estaba muy mareado. Cuando terminó el show de Hera escuché la intro de 'The Great Commandment' y todos fuimos corriendo a la pista. A partir de ahí comenzó la locura. Empezaron a tirar temas de Front 242 y Nitzer Ebb. La gente se puso un poco violenta y recibí un empujón, caí y me levanté en un milisegundo. Después fui corriendo al baño porque había tomado mucho.\n\nEn el baño estaba Luciano y mientras nos mojábamos la cara y gritábamos '¿Adónde carajo estamos?'. Mi mareo no paraba...\nDespués pasaron Trance, Techno Pop, Industrial, Dance y cosas muy comerciales, pero nos divertimos mucho más de lo que esperábamos, bailando abrazados, manos adentro de la remera.\n\nFuimos los últimos en irnos. 'Headhunter', 'Motion', 'Tragedy For You', 'Agressiva', 'Hypnomix', 'Welcome To Paradise', 'One Man's Burden', 'Lightning Man', 'Big in Japan', 'Education', 'Ship Of Fools', 'Witch Doctor', Dead or Alive, etc. Muy mareado. Parecía una película, ya que no me parecía tener control sobre mí mismo.\n\nCuando salimos todo esto: Kiosco – Eructo – Pelilargo – Oferta de un Walkman (seguramente robado) – Viaje – Sandro Zapata en el colectivo, quien se calentó de verdad, con Luciano, que le gritó 'SANDRO DE AMÉRICA!' antes de bajarse.",/images/TheFirstReport_061b.webp;/images/TheFirstReport_062a.webp;/images/TheFirstReport_062b.webp
1052,1995-03-25,Retro,"Av. Rivadavia y Pergamino, Buenos Aires",Venue: Retro;Genre: Acid House;Genre: EBM;Genre: House;Genre: Industrial;Genre: Synth Pop;Genre: Tribal House,"El sábado 25 de marzo volví a Retro, la última vez que había ido fue en febrero del '93, cuando fuimos con Florencia, Valeria, Luis y Maxi. Esta vez fuimos con Luis, Fernando, Diego Garrincha y Diego T.\n\nPasamos los cinco pagando $15 en total, sin hacer cola, lo cual viene siendo habitual últimamente. El lugar había cambiado mucho con respecto a la última vez que fui. La gente era bastante heterogénea.\n\nEn realidad, no había seres interesantes con quienes compartir algo. En el aguante pasaron 'The Hardest Part' de Erasure, siguieron con mucho Deep House y el DJ tenía a la gente bien acostumbrada. Supongo que duró bastante más de una hora.\n\nPasó 'The Witch Doctor' y el tema de Villa Gesell 'Can't Get A Man, Can't Get A Job (Life's A Bitch)'. Diego Garrincha conocía a uno de la barra y cada cerveza que compraba le daban dos.\n\nDespués llegó el turno de la mediocridad y la música asquerosa (que es la misma que decir latina), y nos fuimos a tomar algo. Vodka + Gancia + Limón primero, después Gancia Batido (este no me gustó). Después bajamos a la pista a ver si el DJ cumplía con lo que prometía. Cumplió: 'Bizarre Love Triangle', 'The Great Commandment', 'Strangelove', 'Love Is A Shield', 'You', 'Vanishing Point', 'Face To Face', Adamski, 'Headhunter', 'Join In The Chant (Burn!)', 'Los Niños Del Parque', 'Just Can't Get Enough', 'Good Life', 'Helyom Halib', 'Much Better', etc.\n\nHubiera valido la pena haber ido solo para bailar 'You', que es uno de los mejores temas que escuché. Nos adueñamos de una gran parte de la pista y, como de costumbre, la gente se limitó a mirar, ya que no está preparada (o mentalmente avanzada) como para bailar temas Techno, que encima son viejos.\n\nMe preguntó qué pasaría si el bloque de revival fuera Rave? Seguimos viviendo con el hecho de que convivimos con gente retrógrada e ignorante, pero que no tiene que llegar a afectarnos.\n\nBoundless Expansion. Self-Transformation. Dynamic Optimism. Intelligent Technology. Spontaneous Order.\n\n",/images/TheFirstReport_063a.webp;/images/TheFirstReport_063b.webp;/images/TheFirstReport_064a.webp
1053,1995-04-08,"Depeche Mode Party, Av. Boedo","Av. Boedo 722, Buenos Aires",Artist: Hera;Artist: Punto Extremo;Venue: Unknown;Genre: Alternative/Indie Rock;Genre: Gothic Rock;Genre: Post Punk;Genre: EBM;Genre: Hardcore;Genre: Industrial;Genre: Synth Pop;Genre: Rave,"El sábado 8 de abril se hizo la fiesta Depeche Mode en un salón en Av. Boedo 722. Fuimos con Luis, Valeria, Yamila, Carolina, Laura, Mariano, Diego T, Gonzalo, Karina y Javier. Llegamos y ya había cola (cientos de Depeches, varios muy cabezas!).\n\nAdentro la gente bailaba muy eufórica temas bastante comunes de DM. Luciano, Laura y el hermano nos esperaban adentro. Arreglamos en la entrada ya que éramos once, y con un leve descuento entramos.\n\nPasaron mucho DM, pero esta vez mezclando temas y varias veces remixes 'raros' o pasaron la base de 'Everything Counts' y arriba partes de 'Enjoy The Silence'. Buena iluminación, láser, pantalla con el 'Devotional' y dos grupos en vivo, Punto Extremo (Techno dark primitivo) y Hera, un poco mejor (tres covers de Depeche Mode) y el vocalista (Condorito creído).\n\nTambién pasaron temas de Nitzer Ebb y Front 242. Como siempre, nosotros habíamos llevado CD's. Esta vez llevamos el compilado 'Raving Mad', el single de 'One Love', y ya habían dejado algunos álbums de The Prodigy, N-Joi, y compilados.\n\nLlegó Cybertron y, efectivamente, el chico está loco, era su cumpleaños N° 20 y le mostraba a todo el mundo la caricatura que le había hecho Luis, que casualmente lo había dibujado con la misma ropa.\n\nTodos esperábamos velocidad. El DJ nos prometió cosas, le dijo a Carolina que iba a pasar The Shamen y un largo rato después, pasó 'Ebeneezer Goode'. Pasaban los minutos, y esperábamos The Prodigy. Después de bailar, un tema que tenía una melodía imponente y era como Rave Industrial, escucho la gloriosa intro de 'Out Of Space' y empezó el descontrol, se abrió espacio en la pista, la gente miraba y nos descontrolamos salvaje y físicamente. Después pasaron dos temas de un compilado argentino de Luciano, dos temas aplastantes, y ya me dolía el estómago de tanta euforia.\n\nSaldo positivo: donde nosotros vamos aparece el Techno. 1995. Nothing can go wrong forever. ",/images/1995-08-04-95.webp;/images/1995-PuntoExtremo-08-04-95.webp;/images/TheFirstReport_065a.webp;/images/TheFirstReport_065b.webp;/images/TheFirstReport_066a.webp
1054,1995-04-15,Retro: La máquina del tiempo?,"Av. Rivadavia y Pergamino, Buenos Aires",Venue: Retro;Genre: Deep House;Genre: EBM;Genre: House;Genre: Synth Pop;Genre: Tribal House,"Teníamos dos opciones; ir a la rave de un amigo de Cybertron o ir Retro con gente de la Universidad, ya que se suponía que iba a haber una fiesta del recuerdo.\n\nFuimos a Retro con Diego T, Javier, Diego, Fernando y Romina (novia) en el Renault 12. Al principio todo bien, nos encontramos con Lorena y Silvia que habían ido juntas. Deep House, Tribal y Trance comercial un rato largo, algo bailamos. Después salsa, Fabulosos Cadillacs y mierdas latinas. Sinceramente, no puede bailar eso ni borracho, aunque me lo pida la Schiffer.\n\n¿Por qué ser moderno tiene un precio tan alto? Me pueden tildar de amargo, pero no veo por que pasarla bien signifique bailar ritmos alegres con una sonrisa en la cara, aires de ganador y una camisa semi-desabrochada. Realmente la gente que frecuenta ese lugar no me interesa.\n\nAl final, cuando todos nuestros amigos se habían ido y quedábamos Diego T, Javier y yo. Pasaron Depeche Mode, 'Good Life', 'Stop', Prophets On TV 'Much Better', 'You', 'You Spin Me Round (Like A Record)', 'Headhunter', 'Join In The Chant (Burn!)', 'The Space Jungle' (Adamski). El mismo bloque, esta vez reducido comparando con la otra vez.\n\n¿Dónde estuvo la fiesta del recuerdo y la supuesta máquina del tiempo? Noche absolutamente olvidable.",/images/TheFirstReport_066b.webp;/images/TheFirstReport_067a.webp
1055,1995-04-29,La France,"Sarmiento 1662, Buenos Aires",Venue: La France;Genre: Acid House;Genre: Dance;Genre: House;Genre: EBM;Genre: Synth Pop,"Teníamos que conocer el lugar porque nos habían llegado buenos comentarios. Y así fue que fuimos. Nos reunimos en la esquina industrial con Luciano, Hernán, Pablo, Diego, Javier (tarde, muy tarde), Valeria, Yamila y Luis. Al llegar allá, fuimos primero por Fellini para ver qué pasaba por allí.\n\nSin embargo, fuimos todos a La France y cuando llegamos nos encontramos con Fernando y Diego. Javier, Fernando y yo fuimos a hablar con Sergio Kreimer, y nos hizo pasar sin hacer cola y con un pequeño descuento.\n\nMuy buen sonido e iluminación (Muy Le Brique). Al principio Dance y House, y cuando pasaron 'Don't Laugh', hicimos tanto descontrol que vino un tipo de seguridad y me dijo: '¡Bailen sin molestar a los demás, chicos!'\n\nDespués llegó Cybertron con los amigos y éramos muchos. Por momentos, muy comercial; lleno de gente y parecía que estábamos en Villa Gesell. Luciano, Hernán y Pablo se fueron a Fellini para comprobar si estaba tan bueno como había prometido Larry (La respuesta fue un violento sí!).\n\nCybertron estuvo totalmente delirado y bailó cualquier cosa. Más tarde llegó el momento Techno, y pasaron 'Play It Again' de Out Of The Ordinary, 'Monkey Say, Monkey Do', 'Headhunter', 'Join In The Chant (Burn!)', 'Face To Face', 'Chains Of Love', 'Enjoy The Silence', 'Never Let Me Down Again', 'Make It Mine', 'Living In Oblivion', 'S'Express', 'True Faith', 'Bizarre Love Triangle'. En esos momentos éramos más de 30 vestidos de negro bailando. Bastante bueno. Obviamente faltó velocidad.",/images/1995-LaFrance.webp;/images/TheFirstReport_067b.webp;/images/TheFirstReport_068a.webp
1056,1995-04-30,RDF + El Templo,"Av. Gaona 2800, Haedo",Venue: El Templo;Genre: Dance;Genre: House;Genre: EBM;Genre: New Beat;Genre: Synth Pop;Genre: Trance,"Sigue la ruta. Después de la 5ª emisión de Recuerdos del Futuro (muy exitosa, por cierto, en lo que se refiere a audiencia), teníamos ganas de hacer algo y no de ir a dormir a nuestras casas; entonces arreglé con Gustavo B para ir a 'El Templo' (nos hacía pasar free!).\n\nFuimos a dejar la música a nuestras respectivas casas. Leo dijo que venía, pero jamás apareció. Fuimos con Fernando, Diego y Luis y nos encontramos ahí con Gustavo, la novia y el chico que eligió número del 1 al 40 para el primer sorteo.\n\nEl Templo está muy bueno como estructura, con varios ambientes, escaleras, complejo, metálico y suena muy bien, aparte el DJ la tiene muy clara. Abajo de todo está la gente más común y casualmente donde más pelo hay, no solo porque es la sala más grande.\n\nEs muy positivo el hecho de que no pasen un tema rockero en una disco de Ramos. Aunque pasen cosas latinas y melódicas, parece como si la gente de poco volviera al House y al Dance, espero que sea así porque estoy podrido de los ritmos latinos fiesteros y asquerosos.\n\nEntramos gratis y un amigo de Fernando nos regaló dos copas de sidra. Al DJ le pedimos música y puso Jimmy Somerville 'Heartbeat (Armand's Cardiac Mix)', 'Don't Laugh' (caos total), Bizz Nizz 'We're Gonna Catch You!', 'Headhunter', 'You Spin Me Round (Like A Record)', etc.\n\nMúsica Trance y Under muy actual por tratarse de Ramos Mejía, y castigamos nuestros oídos, estómagos y piernas con dos noches seguidas. Terminamos muy frágiles.",/images/TheFirstReport_068b.webp;/images/TheFirstReport_069a.webp
1057,1995-05-05,"Hot FM Party, El Templo","Av. Gaona 2800, Haedo",Venue: El Templo;Genre: Dance;Genre: House;Genre: EBM;Genre: New Beat;Genre: Synth Pop;Genre: Trance,"Por fin viernes y la primera fiesta de la radio en la que hacemos el programa. Prometía ser un éxito y lo fue. Fuimos con Leo, Fernando, Diego T, Diego B, Laura, Rogelio, Carolina y Luis. Después de ver un choque alucinante en la esquina de la segunda Rivadavia y Güemes (y una insólita ojota en el capó de un Fiat 147, uno de los autos que había chocado), fuimos al Templo.\n\nEntramos sin ningún problema y había una cola bastante larga. Al principio, música Dance para el aguante (Ace Of Base, Dr. Alban, etc.) y videos de Peter Gabriel, N-Joi, 'Comin On' de The Shamen, y tres temas de Pet Shop Boys.\n\nEl lugar se llenó y la gente muy marchosa. Yo le había dado un free pass a Javier, pero jamás fue. Pasaron muchos de los buenos temas Trance que se escuchaban en esa época, Jimmy Somerville 'Heartbeat (Armand's Cardiac Mix)', 'Don't Laugh', Tony Bruno 'Exogroove (Joe T. Vannelli Dubby Mix)' y tantos otros que ni siquiera sé los títulos por tratarse de material en vinilo.\n\nMucho descontrol. Copamos la pista del otro domingo. Un par de tragos a lo Le Brique que comenzaban a hacer efecto (whiskola). El tequila con limón no se puede comparar ni siquiera con el vodka con limón.\n\nMuy buena onda la gente de la radio. En un momento pasó Larrie y gritó: '¡Aguanten los technos!' En un pequeño bloque de recuerdos sonó 'We're Gonna Catch You!' y 'Adonde (Remix)'. Abajo no se podía estar. Cerraron con 'Headhunter' y la gente vio que después de bailar tanto tiempo ni nos sentamos, nos fuimos con la energía de siempre.",/images/TheFirstReport_069b.webp;/images/TheFirstReport_070a.webp
1058,1995-05-06,"Fellini Te Mata!","Bartolomé Mitre 1851, Buenos Aires",Venue: Fellini;Artist: Diego Cid;Genre: Acid House;Genre: Hard Trance;Genre: Hardcore;Genre: Rave;Genre: Techno,"Fue un sábado como tienen que ser los sábados de 1995. ¿Cómo explicar lo vivido en una hoja de papel? La respuesta es simple, la palabra es una sola (y tiene seis gloriosas letras): Techno.\n\nHaber estado allí significó algo notorio. Hay que ver qué pasa a partir de acá, si la gente Under lo acepta o se tira para un lado más House, o mucho peor alternativo. Estilos como el Trance, Hard Trance, Techno y Rave/Hardcore desfilaron ante nuestros oídos como si nosotros hubiésemos programado una noche caóticamente futurista.\n\nEl lugar ya abre más temprano. La entrada es más accesible; sin embargo, se llena a eso de las 6 o 7 am. Hubo gente de Lipsy, de D'Light, de la Age, de grupos Techno, el Facha Martel, Divina Gloria, Cybertron, los amigos de Javier, Fabián, el DJ de Lipsy, pelos rojos, azules, violetas, verdes, celestes, y peladas. Ropa negra, roja, azul, mujeres interesantes y mujeres feas, los Dead or Alive, el 'Mercedes Benz' de Lipsy, etc.\n\nDesde temprano veníamos bailando Trance de muy buena calidad, para ser franco era muy potente y con bajos modulables, una verdadera masa. Siguió con Trance y después algunas cosas flojitas, ya estábamos muy arriba, empezó a llegar la masa de gente y llegó Javier.\n\nAl cabo de un rato en la pista no cabía un alfiler. Pasaron 'Don't Laugh', 'Fuck Me' (STAB Paradise), '10000 Screaming Faggots' (The Moonwalkers), y mil cosas más. Ya eran más de las 7:30 de la mañana. Pero cómo imaginar que cuando Diego Cid se hizo cargo de las bandejas iba a largar descontroladísimos temas de Fledermaus. Abejorros, velocidad, bajos, golpes y caos en la imponente masa de gente que festejaba temas Rave como si fuera un recital de un grupo importante.\n\nEstuve en miles de lugares y pocas veces vi una reacción tan eufórica y positivamente energética por parte de la gente. Marea humana total, todos bailando con todos, gritando ante cada nuevo sonido, caos total, pérdida de noción de tiempo, espacio y vida. Pequeña pero importante muestra de que algo puede cambiar de a poco, pero hay que seguir el camino. Hasta ahora no nos equivocamos. No puedo aguantar, ya quiero que sea sábado.",/images/1995-Fellini02.webp;/images/1995-Fellini02b.webp;/images/1995-Fellini01.webp;/images/1995-Fellini01b.webp;/images/TheFirstReport_070b.webp;/images/TheFirstReport_071a.webp;/images/TheFirstReport_071b.webp
1059,1995-05-12,"Fellini: Love Is Life","Bartolomé Mitre 1851, Buenos Aires",Venue: Fellini;Artist: Urban Groove;Genre: Acid House;Genre: Hard Trance;Genre: Gothic Rock;Genre: Hardcore;Genre: Hip Hop;Genre: Rave;Genre: Techno;Genre: Trance,"Primera semana de trabajo en Radiomensaje y a pesar de eso, escribo otra vez una página más acerca del Techno local. Javier nos anotó en la lista de Fellini pero Luis no fue, ni Luciano, Hernán, ni tampoco los de la Universidad.\n\nNos encontrábamos con Fernando y Diego Garrincha en la esquina industrial, pero al final no fueron porque estaban con un pelilargo (no Techno). Una vez más, éramos Diego T y yo, los únicos en la actividad permanente.\n\nAl llegar, en Fellini se festejaba un cumpleaños y la gente (de evidente muy buena posición económica), bailaba al ritmo de temas vulgares. Después pasaron temas muy Madchester, Dark, y Hip-Hop. Nos fuimos a dar una vuelta por la zona de Congreso. La dueña, para que podamos volver a entrar, nos dibujó una letra F a cada uno en la mano derecha.\n\nA la vuelta ya había un poco más de gente y la música iba mejorando. Comenzaron a pasar temas Trance excelentes, intercalados con dos temas viejos: Candy Flip 'Love Is Life (Adrenalin 6 Mix)' y 'This Is Acid' (entero). Después, temas Trance descontroladísimos, breakbeats y bajos modulantes, más de una hora de Hard Trance, un tema Hardcore Techno...\n\nDentro de un tiempo seguramente sabré los nombres de los temas y grupos que suenan en Fellini. Por ahora, la cantidad de compilados Trance es enorme. Fellini es Techno y voy a volver muchas veces.",/images/1995-Fellini01.webp;/images/1995-Fellini01b.webp;/images/1995-Fellini02.webp;/images/1995-Fellini02b.webp;/images/TheFirstReport_072a.webp;/images/TheFirstReport_072b.webp
1060,1995-05-20,"Fellini's Obsession","Bartolomé Mitre 1851, Buenos Aires",Venue: Fellini;Artist: Urban Groove;Genre: Acid House;Genre: Hard Trance;Genre: Rave;Genre: Techno;Genre: Trance,"Quizás era el último sábado Techno de Fellini, quizás no. Todo indicaba que así iba a ser. La remodelación del lugar, la seguridad de que va a ser más comercial, la huida de Gustavo López a Club Caniche, etc.\n\nDías atrás pensé que íbamos a ser un montón de gente para ir a bailar. Después, uno a uno se fueron cayendo y quedaron los puros de siempre: Luis, Diego T, Luciano, Javier y yo. También Laura, Mariano y de repente, Cybertron.\n\nCuando entramos y vimos el lugar tan cambiado, tiraron paredes abajo, nuevos colores, le daba mayor espacio, Ambient music para el aguante y nosotros en la pista imaginándonos que estábamos en Europa...\n\nMucho Trance, temas ya siendo de a poco conocidos y festejados como 'Drumtrack Melody (Remix)' de Subliminal Cuts, en momentos ya tempranos de la mañana del domingo, momentos Rave (Luis, Javier y yo con barbijos), bajos modulantes, insistentes.\n\nEl tema más viejo fue 'Are You Willing To Testify?' de Lionrock (dos veces). 'Insomniak' en el momento Rave. Bailamos toda la noche, mucha música gloriosa, gente muy variada, público totalmente heterogéneo: conchetos, Under, gays, technosos, Darks, narcos, jovatos, locos, puros, etc. Cada uno en la suya...\n\nCybertron gritó 'Armand Van Halen es un genio!'\n\n'BROTHERS AND SISTERS\nIT TAKES FIVE SECONDS OF DECISION...\n...WHETHER YOU'RE GONNA BE\nTHE PROBLEM OR WHETHER YOU'RE\nGONNA BE THE SOLUTION...'\n\nPor suerte me equivoqué, y ese sábado no fue el último. No puede cambiar tanto este lugar tan glorioso, tan actual.\n\nLa semana es solo la antesala del fin de semana; durante esas horas cansadoras de trabajo, el solo pensar en Fellini, por increíble que parezca, hacía acelerar mi ritmo cardíaco.",/images/1995-Fellini02.webp;/images/1995-Fellini02b.webp;/images/1995-Fellini01.webp;/images/TheFirstReport_073a.webp;/images/TheFirstReport_073b.webp;/images/TheFirstReport_074a.webp
1061,1995-05-27,"La Obsesión de Fellini MCMXCV","Bartolomé Mitre 1851, Buenos Aires",Venue: Fellini;Artist: Urban Groove;Genre: Acid House;Genre: Hard Trance;Genre: EBM;Genre: Hardcore;Genre: Rave;Genre: Trance;Genre: Techno;Genre: Tribal House;Genre: Deep House,"Llegó el sábado y, después de esas interminables cuatro horas de Seminario C, los preparativos para la noche. Básicamente, siempre el nexo entre todos pasó por el teléfono de mi casa. Como siempre, nos encontramos en la esquina industrial a la 1 de la mañana. Esta vez fuimos Luis, Laura, Diego T, Rogelio, Analia, Fernando, Romina y una amiga, Cecilia. Luciano, Carolina, Javier y Laura iban a ver a Siouxsie y nos encontrábamos allá directamente.\n\nNos dividimos en dos grupos y yo fui en colectivo con Diego T, Laura y Rogelio. Viajamos muy rápido, tanto que cuando estábamos en la parada del 86 en Primera Junta, vimos pasar a Fernando y los otros en el Renault 12. Nos encontramos todos frente al lugar, y entramos todos gratis.\n\nAl principio vacío, después empezó a subir, acelerando de a poco con 'Are You Willing To Testify?' de Lion Rock y otros. Al rato de bailar muy buen Hard Trance, la siguiente trilogía de abejorros: 'Sick', 'The Cactus Is Saved', 'Dominator', y casi esa sensación de aquel caos, aquel sábado. Después, 'Phorever People', 'Monkey Say, Monkey Do', 'Love Is Life (Adrenalin 6 Mix)', 'Headhunter', 'Lightning Man' y 'Head Like A Hole' (no bailado). Las chicas bailaron todo, lo que, pensando un poco, estuvo muy positivo, porque se trataba de temas no fáciles de digerir.\n\nEn un momento se cortó la música y pasaron casi, que se yó, me parecieron 20 minutos, y todos gritaban algo, pero nadie con malas intenciones, sino delirando. De más está decir que Cybertron se hizo un festín. Allí fue cuando hicimos sociales, porque después se largó de nuevo el furioso ritmo golpeado, matizado por bajos increíbles. Más tarde pasaron el himno melodioso del último mes de Fellini. Fue mucha gente y no veo por qué tuviese que cambiar.\n\nHoras bailando casi sin tomar nada (Un vodka con limón, producto de una vaquita con Fernando), aunque él prefiera el whiskola. Totalmente divertido y la gente justa, muy buen grupo, aunque al principio la ronda era inevitable.\n\nFellini es glorioso porque mutó de ser casi comercial, luego Under (pero mucho Deep House y Garage) y ahora Hard Trance y Rave.\n\nAl final, totalmente destruidos, descalcificados y deshidratados, nos parábamos una y otra vez para descontrolar ante un nuevo sonido. Después me encontré con Natalia y Nerina; estaban buscando el baño, y Marcelo no había ido. Después de quedarme dormido y despertarme con la cabeza dentro de un huracán, decidimos irnos. Cuando estábamos caminando, se empieza a escuchar 'Don't Laugh' de Wink, y la tuvimos que bailar.",/images/1995-Fellini01.webp;/images/1995-Fellini02.webp;/images/1995-Fellini02b.webp;/images/TheFirstReport_074b.webp;/images/TheFirstReport_075a.webp;/images/TheFirstReport_075b.webp
1062,1995-06-03,Incidente en Caniche + La France,"Sarmiento 1662, Buenos Aires",Venue: La France;Genre: Acid House;Genre: EBM;Genre: Industrial;Genre: Synth Pop;Genre: Trance;Genre: Rave,"No tenía pensado salir, pero el entusiasmo de los chicos hizo que fuera. Era el fin de semana después de la quinta semana de trabajo y quinto fin de semana consecutivo de salida de Techno Aktivität.\n\nMarcela llamó por teléfono y te dijo que no podían anotarte en la lista de invitados de La France. Todos dijimos sí. Leo, Diego T, Luis, Yamila, Diego G, Analia, Fernando, Romina y Cecilia. Nos volvimos a dividir, las chicas en el Renault 12, los chicos en el 136.\n\nA la altura de Floresta subió Cybertron; nosotros estábamos atrás y no nos vio, y se sentó en el medio del colectivo en un asiento de a uno. Lo empecé a llamar y no escuchaba. Comencé a elevar el tono de voz y se dio vuelta con cara de malo, nos vio, pero se volvió a dar vuelta rápido; ahí reaccionó, se paró y gritó muy descontrolado. La gente en el colectivo se asustó, y nosotros no podíamos respirar del salvaje estallido de risa.\n\nLlegamos un poco tarde, nos tomamos dos taxis, con chofer hablador incluído. Al principio fue difícil porque nuestros free passes no tenían fecha y no nos querían dejar entrar. Después de una parasitaria esperada en el hall, salimos y nos fuimos a Caniche. Una vez ahí, salió Larry y después Javier; ya era difícil entrar y asomaba el fantasma del fracaso.\n\nEntramos con Fernando a hablar con Lisa (la de la entrada de la Age), y nos hizo una oferta a la cual no podíamos acceder.\n\nMientras que estábamos afuera, hubo un incidente entre seis chicos Under de Fellini y tres villeros violentos en la esquina de Caniche. Yo estaba adentro y sentí los ruidos. Un botellazo y una bolsa de basura que tiraron a la puerta y mucho quilombo. Golpe, gritos, un caos y una situación muy violenta.\n\nAdentro con Fernando estábamos preocupados por la gente de afuera, pero al final no pasó nada. Después vino la policía y toda esa historia y ese trámite...\n\nVolvimos a La France, nos encontramos con esa tal Nancy y entramos pagando más o menos 40 pesos entre todos. Entramos finalmente tipo a las 4 am. Éramos muchos y me formó la ronda. Pasaron mucho Trance, temas casi comerciales como Jimmy Somerville 'Heartbeat (Armand's Cardiac Mix)', y cosas así.\n\nDespués Chimo Bayo, New Order, 'Enjoy The Silence', 'Oh L'Amour', etc. Después vino el House y el Trance con Wink, etc. Más tarde, 'Ebeneezer Goode (South Of Detroit Vocal)', Liaisons Dangereuses, 'Play It Again' de Out Of The Ordinary, 'Headhunter', Nitzer Ebb, 'Much Better', 'You', 'Master And Servant', S'Express y terminó con la versión gloriosa de 'The Great Commandment'.",/images/1995-LaFrance.webp;/images/TheFirstReport_076a.webp;/images/TheFirstReport_076b.webp;/images/TheFirstReport_077a.webp
1063,1995-06-17,El Templo,"Av. Gaona 2800, Haedo",Venue: El Templo;Genre: Dance;Genre: Deep House;Genre: House;Genre: Acid House,"Fernando, Romina, Cecilia, Diego T, Luis y yo. Hacía mucho frío. No queríamos gastar plata, pero tampoco queríamos quedarnos en casa. Primero fuimos a cenar a una hamburguesería, cara y las hamburguesas no eran tan buenas. Después a McDonald's a tomar algunos conitos. Hacía mucho frío.\n\nDespués, a eso de las 2:30 AM, nos fuimos al Templo, donde esperamos 20 minutos y nos congelamos. Teóricamente, Gustavo B iba a estar ahí, pero no lo vimos. Me cansé de esperar y fui a la puerta. Hablé con el tipo y pasamos los seis gratis. Nos encontramos adentro con Diego, Valeria y su amiguita. Por ser gratis, zafó.\n\nMarcha, latino y al final Deep House y algo de Acid (algunas cosas de Fellini). En un momento se hizo difícil respirar y todos empezaron a toser, muchos se fueron enseguida. ¿Qué fue?\n\nHubo momento de delirio y con Luis copamos la pista y nos descontrolamos eufóricamente al ritmo de cosas tipo Jimmy Somerville 'Heartbeat (Armand's Cardiac Mix)'. Estuvo bueno.\n\nMensaje - uñas pintadas de negro - cadera - safari - bebé - Benvenuto",/images/TheFirstReport_077b.webp;/images/TheFirstReport_078a.webp
1064,1995-06-24,"2nd Hot FM Party, El Templo","Av. Gaona 2800, Haedo",Venue: El Templo;Genre: New Beat;Genre: Synth Pop;Genre: Dance;Genre: Deep House;Genre: House;Genre: Trance,"El sábado 24 de junio 95 se hacía la segunda fiesta Hot en El Templo y quedamos en encontrarnos ahí. Fuimos Luis, Leo, Diego, Valeria, Yamila, su amiga, Analia, Fernando, Diego G, Romina, Cecilia, Pablo, Gonzalo, Karina, Laura, Carolina, Ariel, Karina, Javier y Andrea.\n\nMucha cola, mucha gente difícil en la entrada y pasamos en tres tandas. Copamos todo el VIP y estuvo muy bueno porque estrenamos los buzos gloriosos de Recuerdos del Futuro, que brillaban bajo la luz negra.\n\nDespués vino Carlos a saludarnos y nos felicitó por el programa (Muy buen chabón). Muchísimo descontrol con el primer tema 'Don't Laugh' y uno de seguridad ('Cocodrilo Dundee'), nos vino a calmar...\n\nFue todo Dance. Era hablar un poco con cada uno para que nadie se sienta aparte. No, no hubo ronda. Pequeño bloque de recuerdos con 'We're Gonna Catch You', 'Adonde', y temas de Dead Or Alive. El DJ no hizo caso a nuestro pedido.\n\nMás tarde pasaron ese Trance liviano de Fellini, que es muy bueno para bailar, y llegamos al punto de estar realmente hechos mierda. Bailamos muchísimo. Algunos se fueron más temprano que otros. Obviamente, el primero en irse fue Gonzalo con su novia. También Fernando se fue antes y se perdió lo mejor.\n\n'Heartbeat (Armand's Cardiac Mix)', 'Exogroove (Joe T. Vannelli Dubby Mix)', Justine 'Be Sexy (Sexy Dub)' y tantos otros.\n\nABSOLUTE TWIN DANCERS. ON THE DANCEFLOOR. NON STOP.",/images/TheFirstReport_079a.webp;/images/TheFirstReport_079b.webp
1065,1995-06-30,Cecilio,"Av. Jujuy 1130, Buenos Aires",Venue: Cecilio;Genre: New Beat;Genre: Synth Pop;Genre: EBM;Genre: Industrial;Genre: Experimental;Genre: Ambient;Artist: Scherzo,"En solo cuatro días organizamos la primera fiesta Techno legal (o sea, fuera de nuestra casa y con entrada paga), en la zona de Once, en un pub en Av. Jujuy 1130. Los mismos de Loca Bohemia llamaron a Luciano, le dijeron que en 15 días se iban y que tenían una fecha libre para ese viernes y Luciano dijo que sí. Enseguida me llamó y muy improvisado, pero con energía de sobra, empezamos a ver cómo íbamos a invitar gente.\n\nA mí me tocó reportar entradas en las disquerías de Lavalle y de Florida y, obviamente, agotar nuestra agenda. Re-acelerado, fui al otro día a la facultad a contarles a los chicos y la respuesta fue muy fría. La palabra no suele decirle nada a la gente que está destruida.\n\nEse día fue un descontrol...salimos a las 8:30 PM, fui a buscar a Diego, después a Carolina, la bandeja, y, en Ramos, la compactera y la otra bandeja. Llegamos a la prueba de sonido y sonaba bien el lugar. Un poco tosco el pub, pero eso no importaba.\n\nLa gente empezó a llegar a eso de la una, y calculo que llegaron a ser ochenta personas. Tocó el grupo de Leo y salió realmente muy bien. Mayormente fue gente desconocida. Si hubieran ido los amigos que no pudieron ir hubiéramos pasado las 100 personas.\n\nAmbient, Techno Pop, Industrial, Scherzo, Techno Pop, New Beat, Industrial - en ese orden. Terminó temprano porque los dueños no querían alargarlo mucho y empezaron a encender luces a eso de las 4:45 am.\n\nAlgunos de los tracks más gloriosos que sonaron fueron 'Supermarket Dream', 'Papua New Guinea', 'HCCT Hedral', 'Spontanverkehr' y 'Recover You' de And One, 'Puppets' e 'It Takes A Word' de Syntec, 'You', 'The Great Commandment', 'DSMO 2', 'Don't Crash', 'Lighting Man', 'Everybody Has A Wish' (Anything Box), 'Move Any Mountain', 'OK', 'Eighty Eight', etc.\n\nNos divertimos y pasamos de ser participantes pasivos de algo a ser los responsables. Con esta primera experiencia, que salió muy bien, por el poco tiempo que tuvimos y los fucking parciales que tenían muchos, igual fue bastante gente y sabemos dónde apuntar para la próxima, que espero sea dentro de poco tiempo. Si no lo hacemos nosotros, quién? Sigo esperando respuesta...",/images/1995-Cecilio-30-06-95.webp;/images/1995-Cecilio-30-06-95b.webp;/images/TheFirstReport_080a.webp;/images/TheFirstReport_080b.webp;/images/TheFirstReport_081a.webp
1066,1995-07-08,El Chaval,"Av. Gaona 431, Haedo",Artist: JP Sgalia;Venue: El Chaval;Genre: Acid House;Genre: House;Genre: New Beat;Genre: Synth Pop;Genre: Rave,"Era uno de esos sábados en los que no quería gastar plata, aunque para decir la verdad, hace mucho tiempo que no gastamos un peso. Después de estar un rato largo en McDonald's de Av. de Mayo con Diego, Fernando, Leo y Luis, nos fuimos a ver qué pasaba en El Vaticano (El Chaval) y si no, nos íbamos a El Templo.\n\nEntre los cinco pagamos 10. En el aguante pasaron 'Enjoy The Silence', 'Personal Jesus', 'Cocaine', 'OK', después House tipo 'Exogroove (Joe T. Vannelli Dubby Mix)', 'Be Sexy (Sexy Dub)', 'Heartbeat (Armand's Cardiac Mix)', 'Don't Laugh', 'Who Is Elvis?', 'Sunshine 89' de Fax Yourself, 'Move Your Feet To The Rhythm Of The Beat', 'We're Gonna Catch You', 'Adonde', 'Stop', 'Just Can't Get Enough', 'Oh L'Amour', 'A Little Respect', 'Here's Johnny', You', 'The Great Commandment', estos tres últimos para cerrar.\n\nEn la cabina, Juan Pablo gritó tres veces 'Aguante los chicos de Recuerdos del Futuro!'. Esa noche fue para nosotros.",/images/1995-ElChaval-95.webp;/images/TheFirstReport_081b.webp
1067,1995-07-22,Lisboa,"Bartolomé Mitre 1851, Buenos Aires",Venue: Lisboa;Genre: Acid House;Genre: Dance;Genre: EBM;Genre: House;Genre: New Beat;Genre: Synth Pop;Genre: Rave,"Volví a utilizar el teléfono tarde a la noche para invitar a una chica y salir a joder. Pasé a buscar a Cecilia por su casa a la medianoche, directamente agarré la autopista y nos fuimos al centro.\n\nEstaba manejando por la zona de Congreso, no lejos de mi trabajo y de repente ella me dice que lo vio a Luciano con la novia. Coincidencia. Seguí manejando por ahí, estacioné cerca de Uruguay y venían caminando por ahí. Muy chocante la situación, porque en la esquina había un hotel (familiar) llamado Hotel Europa y después Luciano me contó que con Laura tenían pensado entrar ahí, y cuando me vio estacionar en ese lugar, pensó que yo también había elegido ese lugar para ir con Cecilia. Hubiese sido demasiado.\n\nNos contaron que tenían buenas referencias de Lisboa (ex-Fellini, yo había pensado en eso). Nos despedimos y fuimos para ahí. Nos encontramos con unos chicos muy industriales (habían ido a nuestra fiesta y estuvieron en 5th Avenue). Pasamos todo juntos, entramos por 5$ una vez adentro nos dispersamos.\n\nEl lugar había cambiado mucho, barras nuevas, mucha más gente, habilitaron la pista de atrás (Dance) y la de adelante (grasa). El DJ se mandó una mezcla de hits de todas las épocas, sin sentido y música muy vieja (me encontré con Mariano R. y una amiga).\n\nLo bueno vino al final: 'Big In Japan', 'Strangelove', 'Bizarre Love Triangle', 'Headhunter', 'Monkey Say, Monkey Do', 'Join In The Chant, 'Masterhit', 'Until Death (Us Do Part), 'You', 'Move Any Mountain'. A pesar de que no bailé un carajo la pasé muy bien.",/images/1995-Lisboa-22-07-95.webp;/images/TheFirstReport_082a.webp;/images/TheFirstReport_082b.webp
1068,1995-07-28,"La Fura dels Baus, Estadio Obras","Av. Del Libertador 7395, Buenos Aires",Venue: Estadio Obras;Genre: Ambient;Genre: Experimental;Genre: Techno;Artist: La Fura dels Baus,"Desde que vi por primera vez la publicidad en el Sí no lo pude creer. Era algo muy raro para este país, y tantas funciones, pero sabía que tenía que ir; quería saber de qué se trataba La Fura Dels Baus.\n\nFuimos con Luis, Analia y Diego T. Apenas entramos al estadio, empezó a sonar 'Religion (Bass Under Siege Mix)' de Front 242, remixado por The Prodigy.\n\nComenzó el show y en imágenes proyectaban la persecución de algunos miembros del 'grupo' entre el público, los cuales eran desvestidos violentamente, y se subían a una estructura de cajas, luego todos agarraban y proyectaban palabras en las paredes, junto con imágenes que eventualmente formaban el cuerpo humano en la pantalla central.\n\nEra una especie de analogía de la historia, desde la Edad Media hasta la actualidad, con detalles simbólicos, imágenes, acrobacias y música muy acelerada, electrónica y por momentos espeluznante.\n\nSonido impecable, luces muy buenas, las pantallas cambiaban de función a cada rato y alumbraban perfectamente todo. Una puesta en escena impresionante.\n\nBombardeo de imágenes, los personajes iban cambiando mientras íbamos siguiendo el curso de la historia. El final imponente. Es increíble que hayan agregado funciones, que el lugar estaba totalmente lleno. Nosotros estuvimos.\n\nWe Dig A Hole, Pass Through The Strata Of Archeological Remains Of Different Cultures In Search Of Man,\nAnd Having Found Him Pull Him Out With A Violent Jerk Leaving Aside Whatever Is Superfluous, All Accessories,\nThe Accumulated Coats Of Various And Retain Him Alone, Naked, Abandoned, Defenceless, Mere Rubbish But...\nThis Is Our Authentic Man, Amongst All The Others Puppets Of The Magnus Teatrum Mundi.",/images/1995-EstadioObras-LaFuraDelsBaus-28-07-95.webp;/images/1995-EstadioObras-LaFuraDelsBaus-28-07-95b.webp;/images/TheFirstReport_083a.webp;/images/TheFirstReport_083b.webp
1069,1995-07-29,Caix,"Av. Costanera Rafael Obligado 1221, Buenos Aires",Venue: Caix;Artist: Urban Groove;Genre: Hard Trance;Genre: House;Genre: Techno;Genre: Trance,"Gracias a Javier, estaba anotado en la guest list del VIP de Caix. Esta vez Gustavo López iba a estar tocando toda la noche y yo tenía que estar ahí. Aunque casi todos fueron para Lipsy, que abría de nuevo ese sábado, yo elegí algo mucho más actual.\n\nDespués de las típicas llamadas, el grupo de Caix se redujo drásticamente. Menos mal, porque yo no quería llevar mucha gente, porque sabía que entrar era difícil. Al final fuimos con Cecilia, Romina y Fernando. Llegamos en 40 minutos (con la F-100, por supuesto).\n\nHacía un frío glacial, nos quedamos un rato ahí, después fuimos con Fernando a la hora acordada pero igual no encontramos a Javier. De pedo Fernando vio a Fabián y yo lo fui a perseguir. Lo encontró, arregló todo y en un rato salió Javier, en fin entramos.\n\nEl lugar estaba muy bueno, la iluminación es perfecta. Luces azules, rosas, increíbles, y los cañones láser que, cuando se apagaba la luz aportaban el detalle futurista a la noche.\n\nAl principio y en el transcurso de la noche muchas House (demasiado), y después comenzaban los bajos modulantes, los temas increíbles de Fellini, acelerados, melódicos, futuristas, fríos, modulantes gloriosos, otros cuadrados, implacables, extensos, pero igual de puros.\n\nMuchísima gente, no se veía el piso. Descontrol, como en la pista patinaba, me mantenía a un costado y al final imponiendo con la velocidad.\n\nCaix = Techno Trance non-stop, acid spacey trip. VOY A VOLVER CUANTAS VECES PUEDA!",/images/TheFirstReport_084a.webp;/images/TheFirstReport_084b.webp
1070,1995-08-04,"Loca Bohemia, Agosto 95","Av. La Plata 727, Buenos Aires",Venue: Loca Bohemia;Artist: Abismo;Artist: Acceso 21;Artist: Nostromo;Artist: The Other Faith;Genre: EBM;Genre: Industrial;Genre: Techno;Genre: Rave,"De nuevo en Loca Bohemia, esta vez los dueños llamaron y arreglaban todo directamente con los grupos: Nostromo, The Other Faith y Acceso 21; a último momento se enganchó Abismo (ex Garion). Habíamos quedado con toda la gente de la zona en encontrarnos en la esquina industrial a eso de las 11 pm.\n\nFuimos con Luis a buscar a Cecilia y cuando llegamos ya había gente. Leo, Diego T, Carolina, Laurita, amiga de Laurita, Diego B, Sergio, Mariela, Gina, tres amigos, Mariano, Fernando, Romina, Andrea, Marina, otra chica, Analia, Gonzalo, Karina y su amiga, Florencia y Juan Pablo. Un bloque de gente vestida de negro imponiendo en esa gélida noche de agosto.\n\nArmamos subgrupos para viajar y después de una masiva venta de entradas en la puerta, entramos. Habían sacado las sillas. Mucha gente para saludar y esa charla global que es estar un rato con cada uno para no dejar a nadie afuera.\n\nLa música osciló entre el Techno, el Rave, y el EBM/Industrial. Los temas más festejados fueron 'Make It Mine (Club Vocal)' y 'Tragedy For You', y por el grupo de amigos, los temas de And One, Dance or Die, Snog y Komakino. La bandeja de CD vibraba mucho por los graves, y los tracks saltaban demasiado seguido.\n\nEl primer grupo (Acceso 21) era desconocido, pero no era malo; sin embargo, las actitudes pop del vocalista no encajaron con un público bastante más duro. Apenas terminaron de tocar, se fueron. Haber intentado arengar a la gente con 'A ver esas palmas...'. No fue una buena idea.\n\nDespués tocó Abismo y solamente cuatro temas instrumentales; para ser sincero fue muchísimo mejor de lo que yo esperaba. Es más, el primer tema nos mató. Muy bien. Algo que me gusta mucho es que no dijeron nada en todo el show, ni una fucking palabra!\n\nDespués tocó Nostromo y fue impecable, imagen muy cuidada, desde cascos semejantes a los HMD, trajes protectores onda laboratorio, mangueras que salían de los teclados, cinta de seguridad onda policial, dos chicas repartían unos folletos con el listado de los temas, realmente impresionante ese font!\n\nMuy bueno, después la gente comenzó a irse lentamente y la fiesta se tornó absolutamente local. Mucha gente que había ido a la primera fiesta no vino a esta, aunque el lugar estaba, yo diría, en un 60 o 70 por ciento lleno. Salió bastante bien...",/images/1995-LocaBohemia-Nostromo-04-08-95.webp;/images/1995-LocaBohemia-04-08-95.webp;/images/1995-LocaBohemia-04-08-95b.webp;/images/TheFirstReport_085a.webp;/images/TheFirstReport_085b.webp;/images/TheFirstReport_086a.webp
1071,1995-08-05,New Lipsy Again,"Av. Federico Lacroze 2620, Buenos Aires",Venue: Nuevo Lipsy;Genre: EBM;Genre: Gothic Rock;Genre: Post Punk;Genre: Industrial;Genre: Synth Pop,"Me llamó Fernando para planificar la noche. Cené solo, después arreglé con Cecilia, y después con Fernando y Romina. Viajamos en el auto de Fernando. Llegamos a la hora correcta. En la puerta ya estaban Luis, Sebastián, Cybertron y su amigo. El frío era terrible. Apero entramos sonaba 'The Secret' de And One y eso es muy bueno. Pagamos $7 cada uno y los chicos estaban adentro.\n\nEl lugar es como un loft vacío, sin pintura y sin piso, ni siquiera baño, con un par de luces y cuatro baffles. El DJ era Ricardo de la Trashnoche y pasó demasiado Industrial. Algunas cosas fueron destacables, como 'Numbers' de Kraftwerk, y 'Life Isn't Easy In Germany' y 'Wild Pain' de And One.\n\nPero había poca gente, mayormente 'Techno', poco Dark, poca onda para bailar. Una noche que no me convenció, pero obviamente parte de la actividad.\n\nHabía unos Depeches bastante decadentes, algunos bailaron muy cuadrados, y el amigo de Cybertron y su baile terraplén, no había un puto lugar donde sentarse a transar con tu chica, imposible acceder al DJ (por un maldito rulo pelilargo) y un DJ que trataba de poner cosas más o menos populares para que la gente se cope.\n\nEstuvo el amigo de Diego de la facultad que dijo: 'Vos sos Juan Ignacio de la radio, ¡no jodas!', Mariano R. odiaba el lugar. Y al final llegamos de noche a casa. Lo cual no es poco.",/images/1994-Lipsy.webp;/images/1994-Lipsy-B.webp;/images/TheFirstReport_086b.webp;/images/TheFirstReport_087a.webp;/images/TheFirstReport_087b.webp
1072,1995-08-12,La France: Wrong Is Right!,"Sarmiento 1662, Buenos Aires",Venue: La France;Genre: House;Genre: EBM;Genre: Trance;Genre: Synth Pop;Genre: Rave,"Después de las consabidas phone calls, se arregló que nos encontremos a las 12:30 en el punto Rephlex para ir a La France. Fernando, Mariano, Diego, Marcelo, Analia, Diego T, Carolina, Cecilia y yo.\n\nUna vez allá, pasamos todos (incluyendo Sebastián y Luis) por $6. El espectáculo láser estuvo excelente pero la música no acompañaba. Hasta las 6 de la mañana, la música fue una auténtica cagada.\n\nMezclas horribles y cosas muy fiesteras que te hacen odiar el país. Temas muy desubicados. Después algunos temas House y Trance liviano que bailé porque tenía ganas de hacerlo. En un momento puso 'Should I Stay or Should I Go' y grité muy fuerte 'HIJO DE PUTA!'\n\nDespués de temas hiper comerciales, se escucha un golpe contundente y rápido. Comenzó una seguidilla increíble de música Rave (en su mayor parte, del Serious Beats Vol. 7): Unknown Structure 'Flyspray', Nasty Django 'Ey Loco', Bis-Art 'Wrong Is Right (Black Is White Remix)', Age Of Love 'The Age Of Love (Jam & Spoon Mix)', Pat Krimson 'Your Destination', The Prodigy 'Out Of Space', Kraftwerk 'Radioactivity (François Kevorkian Remix)', Front 242 'Welcome To Paradise', Nitzer Ebb 'Violent Playground'. And then they turn on the lights and we got out of the place.\n\nWe've got new toys, the old ones are worn out\nWe can change the world...\nWe will play with the world, with the world!",/images/1995-LaFrance.webp;/images/TheFirstReport_088a.webp;/images/TheFirstReport_088b.webp
1073,1995-08-19,Caix. Yesterday when I wasn't alive,"Av. Costanera Rafael Obligado 1221, Buenos Aires",Venue: Caix;Genre: Acid House;Genre: Hard Trance;Genre: House;Genre: Techno;Genre: Trance;Genre: New Beat;Genre: Rave,"Corte de pelo, llegada de la DX4/100 a casa, cumpleaños de Leo y Caix. Algunos se estaban quedando muy tranquilos, así que había que activar la situación. Los caraduras tardaron 20 minutos en saludar, no porque hubiera mucha gente, sino porque había que mover el culo. Fui a casa a buscar la F-100 y llegamos a Caix en 35 minutos. Increíble!\n\nCrew: Analia, Carolina, Diego T, Carolina, Luis, Cecilia y yo. Entramos todos por $5 con una consumición. Según Javier, llegamos justo.\n\nHabía gente de Lipsy, de Fellini, de todos lados. Yo tenía muchísimas ganas de hacer descontrol (= bailar). A los 10 minutos empezaron a pasar temas gloriosos, bajos modulantes terribles.\n\nDespués la música me llevó a la pista, donde estaban Javier, Larry, Magoo y los amigos y otros chicos con anteojos mosca que se notaba movían con los bajos modulantes como disfrutándolos.\n\nMuy pocos temas muy conocidos, entre ellos dos versiones de 'Yesterday When I Was Mad (Jam & Spoon Mix)', después Trance muy descontrolado, hiper espacial. En esos momentos volábamos con Javier. Hacíamos los cortes; saltando, gritábamos 'no puede ser'. Abandoné a Cecilia y a los chicos y me perdí en el baile.\n\nSobre los temas cantaba una mujer (Victoria Frigeiro), con voz de diva Dance, letras conocidas House ('You used to hold me..., You used to touch me..., You used to kiss me...'). También cantó sobre la melodía de 'Infinity' de Guru Josh en perfecto inglés. Horas muy intensas; después pasaron 'Play It Again' de Out Of The Ordinary, y 'French Kiss' de Lil' Louis. La música, una de las mejores noches sobre el puto continente. Por favor, que dure, porque quiero ir cada fucking sábado.\n\nEn un momento estaba con Cecilia a un costado de la barra, me doy vuelta y veo una cara sonriente muy conocida. Era un pelilargo de rulitos con nariz de buen chabón. Era el que estuvo cuando salimos del nuevo Lipsy, que estaba en el kiosco comprando jugos.\n\nCuando salimos, había un tipo con ojos verdes luminosos (un auténtico Tommyknocker), que estuvo delirando un montón. 'Cuando me hablás de la droga, me imagino una cámara enfrente que nos está filmando'\n\nLlegamos a casa a las 10:30 de la mañana y encendimos la máquina. NON STOP ACTIVITY!",/images/TheFirstReport_089a.webp;/images/TheFirstReport_089b.webp;/images/TheFirstReport_090a.webp
1074,1995-09-08,Castrum,"Av. Carlos Casares 381, Rafael Castillo",Venue: Castrum;Genre: Acid House;Genre: House;Genre: Trance;Genre: New Beat;Genre: Rave;Artist: Abismo;Artist: The Other Faith,"Después de un horrible intervalo de dos fines de semana sin poder salir (estuve con bronquitis el primero y el segundo me quedé para recuperarme), por fin, pude salir y fui a la fiesta en Rafael Castillo de la que tanta publicidad habían hecho en nuestro programa.\n\nFuimos en dos remises porque ni loco llevo la F-100 a ese lugar. Fue una de las primeras veces que fui a bailar a un lugar más al oeste que Ramos Mejía, creo. Leo, Luis, Fernando, Analia, Cecilia y yo. El lugar parecía un castillo, era bastante grande, la iluminación zafaba y el sonido a duras penas zafaba.\n\nAl principio estuve repartiendo folletos de Recuerdos Del Futuro, recibí comentarios muy halagadores de chicas y chicos que escuchaban el programa. A unos chicos les dije quién era y uno me dio la mano. Otro me dijo que tenía los programas grabados en cassette, increíble.\n\nHasta allí el DJ pasaba solo Depeche Mode, Front 242 y Nitzer Ebb; después empezó a variar un poco porque yo le dije y pasó 'Suspicious Love', 'Por Que?', 'Blue Monday', 'Bizarre Love Triangle' y 'Heaven (I Want You)' de Camouflage, lo que me cayó muy bien (detalle agradable).\n\nDespués tocó The Other Faith y fuimos (as usual) adelante a bailar y movernos para romper el hielo. Hicieron un cover de New Order ('True Faith') y uno de Anything Box ('Blue Little Rose'), y cambiaron un poco algunos temas para hacerlos más duros. Lo que más me gustó fue 'First Day' y 'Why' (con esta nos movimos muchísimo).\n\nTerminó The Other Faith y pusieron 'Prisión Virtual', después empezó el descontrol: puse 'One Love' y 'Full Throttle' de Prodigy, 'Temple Of Dreams (Hardcore Mix)' de Messiah, 'Religion (Trance U Down Mix)' de Front 242, 'The First Rebirth' de Jones & Stephenson, y algunas cosas Trance. Ahí la gente estuvo simplemente mirando a 10 personas bailar. Empezaron a pedir Depeche Mode y se tuvo que acceder, si no...\n\nMe aceleré tanto y tan de golpe que quedé destruido físicamente. Nos encontramos con Cybertron, Marcela, los amigos, las chicas de la radio y los industriales amigos de Diego T. A Cecilia le dediqué el tiempo justo. Bueno, para ser sincero, un poco menos de lo necesario.\n\nCuando tocó Abismo y yo lo vi de abajo (solo sombras). Son temas instrumentales que definitivamente tienen calidad. Después, más música: 'Welcome To My Mind', 'Make It Mine (Club Vocal)', y algo de Rave y Trance, como Prototype 909 que había llevado Norberto de The Other Faith.\n\nCon Luis hablamos desde el primer hasta el último tema. Al final fui a felicitar a los chicos que organizaron y puse 'World (The Price Of Love)' de New Order para terminar.",/images/1995-Castrum-08-09-95.webp;/images/1995-Castrum-08-09-95b.webp;/images/1995-TheOtherFaith-Castrum-08-09-95.webp;/images/TheFirstReport_090b.webp;/images/TheFirstReport_091a.webp;/images/TheFirstReport_091b.webp
1075,1995-09-09,Caix: The archaic revival,"Av. Costanera Rafael Obligado 1221, Buenos Aires",Venue: Caix;Genre: Acid House;Genre: Hard Trance;Genre: Techno;Genre: Trance,"Qué descontrol fue organizar cómo ir a Caix. Fernando no iba y yo no pensaba pedir la F-100. Entonces, bus! Luis tenía que pasar a buscar a Carolina y antes, encontramos con Sebastián en Flores. Cecilia salía a tomar algo con sus amigos de la secundaria.\n\nNosotros estábamos en lo de Diego T, y aproximadamente a eso de las 2 de la mañana me encontré con Cecilia en Ramos y, 96, 86 y Taxi mediante, llegamos a Costa Salguero a eso de las 4:20 AM\n\nA pesar de mi miopía, pude ver a Luis con los chicos caminando 20 metros adelante. Era temprano. Media hora más tarde queríamos empezar a entrar, pero la puerta estaba muy dura. Vino Javier con sus amigos y también le costó mucho entrar. 'Los chicos de pelo largo no entran' (Gato).\n\n...The further in you go, the bigger it gets...\n\nHabía chicos que estuvieron antes que nosotros (Maxi) y entramos recién a las 5:30 AM. Llegó Marcela con dos chicos de Merlo. Pero para pasar había que hablar con esos hijos de puta!\n\nDespués de hablar con esos tipos, pasé con Cecilia ya casi a eso de las 6 de la mañana. Los demás jamás pudieron entrar. Adentro la gente estaba muy excitada y estaban pasando temas increíbles Hard Trance. También Rudys Playhouse 'Got To Be Free (Acid Overdose Mix)'. Algunos temas casi Rave. Maurice 'This Is Acid'. Mucho Trance, melodías increíbles.\n\n- 'Hey, ¿Ese no es Federico Scialabba?'\n\nEn más de un momento nos mirábamos con Javier y no podíamos creer lo que sonaba. Cecilia bailó, pero mucho no le gustó. Los rayos de sol eran implacables. Gustavo López me dijo que le parecía que el lugar no le quedaba mucha vida. Ojalá esté equivocado...\n\nAl final, un tema Ambient con voces femeninas indescriptibles. 'Tenemos que morir acá, esto tiene que explotar y tenemos que morir acá dentro. Es increíble este lugar.' Javier.",/images/TheFirstReport_092a.webp;/images/TheFirstReport_092b.webp
1076,1995-09-16,"Nicky Holloway, Caix","Av. Costanera Rafael Obligado 1221, Buenos Aires",Venue: Caix;Genre: Acid House;Genre: Hard Trance;Genre: Techno;Genre: Trance;Artist: Nicky Holloway,"Sabía que tenía que estar ahí, aunque tuviera que viajar solo. Y así fue, nadie quería acostarse tarde, así que éramos ella y yo. A ella no le había gustado que se hubieran colgado y no quería ir.\n\nCon mucha frialdad, seguí adelante con mis planes y a eso de la 1:30 AM abandoné mi lugar. 96 mediante, llegué a Constitución, horrible. 1 hora (o más?) con la sensación de que me iban a robar en cualquier momento. Gente decadente, tomé el 67 hasta ATC y taxi a Caix.\n\nLlegué al lugar de las luces a eso de las 4:30 AM. Ya estaba Maxi con su novia, la Trancer con su amigo, y Cybertron. Charlamos y a las 5 entramos con Cybertron muy abruptamente, pagamos y adentro estaba el amigo de Javier (René, creo). A vos te vi recién en Caniche, ¿qué hacés acá?\n\nA los 10 minutos comenzaron con Size 9 'I'm Ready', Trance cuadrado. Hard Trance, 'Yesterday When I Was Mad' (Jam & Spoon Mix), Trance melódico, bajos modulantes, temas casi-Rave. Descontrol sin pausa, imponiendo salvajemente arriba y dentro de la pista.\n\nJavier entró a eso de las 7:00 de la mañana (estoy hablando del domingo). Había llegado tarde y le costó entrar. No importaba, faltaba algo increíble. Después de bailar 'Play It Again' de Out Of The Ordinary, subió un DJ que jamás habíamos visto.\n\nPasaba temas muy duros y los mezclaba como nadie. Era Nicky Holloway, un DJ que en 1987, junto a Paul Oakenfold y a Danny Rampling, fueron los responsables de importar e impulsar el Acid House en Inglaterra. 1987!\n\nPasó de todo: temas cuadrados, otros jubilosamente modulantes y saltarines, melódicos, oscuros, todos con influencia House, mutantes, Ambient, melódicos y después rápidos, tranquilos y después descontrolados nuevamente.\n\nAlargó todo hasta las 9 de la mañana, creo, y para ese momento ya sabía que había sido algo especial. Fuimos a felicitar a Holloway, 'That was great', 'Excellent', 'Thank you', 'Thank you'. Terrible la música, fascinante, terminante, agotadora, rápida.",/images/TheFirstReport_093a.webp;/images/TheFirstReport_093b.webp;/images/TheFirstReport_094a.webp
1077,1995-09-28,"Trance Industrial, Morocco","Hipólito Yrigoyen 851, Buenos Aires",Venue: Morocco;Genre: House;Genre: Trance;Genre: Ambient;Genre: Industrial;Artist: Carne Para Cerdos,"Se hacía la fiesta Trance Industrial en el Morocco. Teníamos muchas expectativas (la gráfica de las invitaciones era increíble). Matías y Jesús (bajista) habían venido a Recuerdos del Futuro a promover el evento y estuvo más que interesante.\n\nMatías llevó tres free passes (2 para sortear), pero nos hicimos los boludos y nos los quedamos. Diego T no podía venir por un examen, así que fuimos con Leo, Fernando, Luis, Sebastián y Andrea. Colectivos mediante, llegamos al lugar a eso de las 12:50 AM. Había mucha gente conocida.\n\nEntramos y los hijos de puta nos dijeron que las entradas no eran free passes, y metieron excusas bobas, que teníamos que esperar a Matías para entrar. Después empezó a llegar más gente: Javier, René, Fabián, etc. A nadie le aceptaban los free passes. Querían recibir mucho dinero. Estaba la gente de Fase Uno, Codex, y Carlos.\n\nPor primera vez veo que se une la vieja gente de Lipsy (industriales, Gerardo, Ariel, Cenobitas) y la gente moderna. Algunos conchetos, mujeres, turistas, gays, yuppies y nosotros. Hacía frío. Después llegó Matías y dijo que se había enterado de lo de las entradas e iba a ver qué podía hacer.\n\nSeguimos esperando; ya nos estábamos calentando. En realidad, yo fui por lo increíble de que iban a tocar cinco DJs (Diego Ro-K, Jorge Kisieluk, Maxi Turri, Tato Deus, Jason) y diferentes estilos como el Trance, House, Ambient e Industrial, y según Javier, que estuvo, Hardcore.\n\nPor culpa de la gente de mierda responsable del fucking lugar. No podía pagar. Estaba a fin de mes. Con mucha bronca, nos fuimos a eso de las 4:30 AM (el evento terminó a las 6:30 AM) a caminar, maldiciendo todo lo que tenía que ver con Argentina. Incluso delante de un policía...\n\nCaminamos muchísimo. Fuimos a tomar algo a una estación de servicio (Consumismo puro). Volvimos con muy mal humor y negatividad en nuestra mente.\n\nLlegué a casa, me lavé la cara, desayuné y me tuve que ir a trabajar. Qué horrible sensación de maldita obligación. Cumplí 40 horas despierto (fue este acaso el fracaso nro. 1 de 1995?).",/images/1995-Morocco-28-09-95.webp;/images/1995-Morocco-28-09-95b.webp;/images/1995-Morocco-28-09-95c.webp;/images/TheFirstReport_094b.webp;/images/TheFirstReport_095a.webp;/images/TheFirstReport_095b.webp
1078,1995-09-30,Filo + Caix,"San Martín 975, Buenos Aires",Venue: Filo;Venue: Caix;Artist: Urban Groove;Genre: Acid House;Genre: House;Genre: Deep House;Genre: Trance;Genre: Rave,"Como ella tenía que estudiar, y yo podía hacer lo que quería, ni se piensa. En julio, agosto, septiembre y octubre, la decisión correcta consiste en ir a Caix.\n\nDespués de un interminable curso en Movicon de ocho horas, pasé por Midnight Records, compré el single 'Carnival', de Lionrock (se viene la rave). Arreglé con Leo a la noche para ir juntos (todos los demás se habían cagado). Me pasó a buscar con el 147 y, después de ver el caso Roswell, nos fuimos a buscar a Luis y Sebastián Z a Belgrano.\n\nAntes de ir a Caix, fuimos a Filo, que es un bar medio modernoso donde se escucha buena música (rara) y se ve gente diversa. Con Sebastián pedimos un vodka tonic y después nos fuimos para Caix y otra vez esas seductoras luces iluminando the whole place.\n\nLlegamos a las 4:50 AM, entramos a las 5:15 AM, al principio mucho House y Garage. Demasiado para mi gusto, pero algunas cosas zafaban (Muy buenas mujeres). Increíble la versión de 'Bedtime Story' de Madonna, remix Trance, creo que de William Orbit.\n\nDespués comenzaron los sonidos más duros, la modulación y los golpes. Cuando subió Diego Cid a tocar, sabíamos que algo iba a pasar. Pasó muy buenos temas, pero cuando escuchamos la intro de Plexus 'The Cactus Is Saved' armamos un caos increíble. Ese tema no se puede creer!\n\nLa gente miraba porque saltábamos y nos movíamos muy rápido. Después, 'Dominator' y cosas increíbles que todavía no sabemos cómo se llaman. Mención aparte merecen los gays, el musculoso, el de las medias y la remera de Superman (super alzado).\n\nDespués le tocó a Gustavo López que, aunque no se colgó, pasó cosas muy potentes. Después siguió el pelado del principio, que pasó 'Higher State Of Consciousness'. Quedamos destruidos.",/images/TheFirstReport_096a.webp;/images/TheFirstReport_096b.webp;/images/TheFirstReport_097a.webp
1079,1995-10-07,El Chaval Again,"Av. Gaona 431, Haedo",Artist: JP Sgalia;Venue: El Chaval;Genre: Acid House;Genre: House;Genre: New Beat;Genre: Synth Pop;Genre: Rave,"Había elecciones en la capital, y por ese motivo no nos arriesgamos a ir a Caix. Fuimos a El Chaval, con Luis, Leo y Sebastián, y ahí nos encontramos con Fernando y Diego. La entrada fue barata.\n\nHabían cambiado los dueños y la música hizo lo propio. Pasaron más fiesta y más melodías latinas. Nos tomamos un par de tragos y nos divertimos bastante, solo íbamos a bailar (que quede claro).\n\n'Fuck Me' de STAB Paradise, 'Exogroove (Joe T. Vannelli Dubby Mix)' de Tony Bruno, 'Missing (Todd Terry Club Mix)', 'We're Gonna Catch You!', 'Who Is Elvis?', 'Don't Laugh', 'Blue Monday', 'Headhunter', 'Observing The Earth', 'What Would You Like To Hear Again?'. Otra vez nos descontrolamos con Luis y todos miraban.\n\nDiego, Fernando y Leo se fueron 20 minutos antes que nosotros. Sebastián, Luis y yo (men born under the sign of Scorpio), nos quedamos y tuvimos la recompensa ('Der Komtur', 'This Is Acid', 'Who Is Elvis?').",/images/1995-ElChaval-95.webp;/images/TheFirstReport_097a.webp;/images/TheFirstReport_097b.webp
1080,1995-10-13,Flowers,"Av. Rivadavia 16260, Haedo",Artist: Scherzo;Venue: Flowers;Genre: Acid House;Genre: EBM;Genre: Hardcore;Genre: Techno;Genre: Industrial;Genre: New Beat;Genre: Synth Pop;Genre: Rave;Genre: Hard Trance;Genre: Gothic Rock;Genre: Pop;Genre: Experimental,"Se hizo la fiesta en Flowers, un coqueto pub en Haedo, y salió muy bien. Tocó Scherzo, aproximadamente 1 hora y 20 minutos. Lo mejor para mí fue 'Inercia', 'Alternativa de 16 bits' y 'A Oscuras'. También me gustaron mucho 'Communications' y el cover de 'Process'.\n\nA la fiesta fue muchísima gente (según Leo, 150). Gente de Ramos, de Merlo, de Haedo, conchetos, mujeres hermosas y gente conocida: Norberto, Eduardo y Adrián (The Other Faith) y sus respectivas, Hernán, Luciano, Diego B, Diego T, Diego G, Laura, Analia, Cecilia, Marcela, Andrea, Daniel, etc.\n\nYo había llevado mucha música, pero, sin embargo, no pensaba que iba a tener mucho tiempo para imponer. Pero estaba totalmente equivocado; el DJ era absolutamente accesible y muy buena persona. Me dio absoluta libertad de acción. 'Las bandejas son tuyas, yo me voy', dijo. La cabina era mía, el mixer, las bandejas, las compacteras, el volumen!\n\nLa reacción de la gente fue muy buena (escuché gritos). 'The Blade (Technohead)', 'Shame', 'Happiness (More Angels)', 'The Bog', 'Rhythm Of Time (Anti-G Mix)', 'Serial Killers Don't Kill Their Girlfriend', 'Musique Non Stop', 'Evelyn', 'Falling', 'Suspicious Love', 'Blue Monday', 'You Think You Know Her (Unfaithful Mix)', 'Enjoy The Silence', 'You Make Me Wonder (Beats 4 U Mix)', 'Make It Mine (Club Vocal)', 'Boss Drum (Beatmasters Boss Mix)', 'Hyperspeed (G-Force Part 2)', 'How Does It Feel?', 'Frequency', 'S'Express', 'Move Your Feet To The Rhythm Of The Beat', 'Hey Music Lover', 'Cocaine', 'Eighty Eight', 'Shop', 'Born To Be Mild', 'Recover You', 'Puppets', 'Strap Me Down', 'Corporate Slave (Alpha 66 Mix)', 'Love U More', 'Heart On The Line (Voodoo Child Remix)', 'The First Rebirth', 'Carry On Columbus', 'Bugged Out', 'Reverberate Opinion', 'Analogue Bubblebath 3', 'Mantra Of Extremism', etc.",/images/TheFirstReport_098a.webp;/images/TheFirstReport_098b.webp
1081,1995-10-14,La Embajada,"Scalabrini Ortiz 56, Buenos Aires",Venue: La Embajada;Genre: House;Genre: Deep House;Genre: Dance;Genre: Synth Pop,"En realidad, no estaba en mis planes la posibilidad de salir a bailar y menos lejos. Esto demuestra que no se puede tener el control de todo. Hablando con ella por teléfono, me cuenta que una amiga (Valeria) le había conseguido entradas para entrar a La Embajada. Yo pensé que íbamos a ser 3. A veces todo es tan extraño...\n\nFinalmente se metieron dos rubias y dos chicos en la caja de la F-100, y adelante Valeria, Natalia Acosta (compañera de primaria!), Cecilia y yo. Agarre Juan B. Justo. Entramos fácilmente (free).\n\nAl principio (eso ya es una muletilla a esta altura de la historia), House, Garage, Trance ('Fuck Me', 'Everybody Wants To Be Somebody', 'Missing (Todd Terry Club Mix)', Fellini's tracks, etc.). Una hora más de buena música.\n\nPero espera un poco, estamos en Argentina: Fiesta, Luis Miguel, Diego Torres, Ricky Martin, Palito Ortega, y me cago en la escarapela. Si no hubiera estado acompañado (obviamente no hubiera estado ahí) pero seguramente me hubiera muerto (de angustia).\n\nDespués volvieron los amigos de Cecilia donde estábamos nosotros y estuvimos jodiendo un rato (nothing special). Hasta que sonó 'OK' y me levanté y le dije 'Vamos'. Hasta que llegamos a la inmensa pista, el tema terminó, y pusieron 'Bizarre Love Triangle', 'Tainted Love', y no sé qué más.\n\nDespués siguió con más House y algo me moví, pero me di cuenta de que el resto de los chicos ya se habían ido. Entonces terminó.",/images/TheFirstReport_099a.webp;/images/TheFirstReport_099b.webp
1082,1995-10-20,Caniche Club,"Uruguay 142, Buenos Aires",Venue: Caniche;Artist: Urban Groove;Genre: House;Genre: Industrial;Genre: Pop;Genre: Trance;Genre: Rave;Genre: Synth Pop,"Con Fernando queríamos escaparnos y salir sin novias. Llamamos a Javier y arreglamos para ir a ese lugar que queda a dos cuadras de mi trabajo. Pasamos gratis, como en los mejores tiempos de Fellini.\n\nArriba había lugar para tomar algo, un escenario, toilets, Björk, Nine Inch Nails, C&C Music Factory, EMF, 'Destination Eschaton', etc. Terriblemente variado (Rafaela Carra!).\n\nLa pista de abajo era muy oscura y la música mortal, onda Caix. Diego Cid, Magoo, Gustavo López, y Andy Abstract me mataron con Trance increíble. Muy golpeado y modulado. El objetivo fue cumplido totalmente.\n\nDescontrol, tragos, remera de Altern 8, DJ de Lagarto, remera de N-Joi y remera de Plastikman. Good people.",/images/1995-Caniche-Oct-Nov-95.webp;/images/TheFirstReport_100a.webp
1083,1995-10-27,"Techno Event, Flowers","Av. Rivadavia 16260, Haedo",Artist: X-pander;Venue: Flowers;Genre: Acid House;Genre: EBM;Genre: Hardcore;Genre: Industrial;Genre: New Beat;Genre: Synth Pop;Genre: Rave;Genre: Hard Trance;Genre: Techno,"Cuánto tiempo esperé ese momento. Había planificado la música un mes antes. Cada vez que pensaba en determinado tema para la noche, se me ponía la piel de gallina. La organizamos 10 días antes y comenzamos a invitar gente, a diseñar el flyer (que quedó muy bueno).\n\nLa concurrencia fue menor de la esperada, supongo que por ser fin de mes, y viernes. Calculo que fueron 70 personas, de las cuales por lo menos el 90% era gente techno.\n\nEntre la gente conocida estaba: Luciano, Javier, Martín, Carolina, Diego T, Diego B, Leo, Pablo, Macarena, Laura y amigas, Cybertron, Andrea, Fernando, Cecilia, Samantha, Romina, Analia, Ariel, Ariel Abismo, Norberto, Adrián y Eduardo y sus respectivas, Valeria, Pablo, Yamila, etc. Javier estuvo tomando mucho y estaba completamente descontrolado (no bailaba todo).\n\nCasi no pude hacer sociales. Al principio todos venían a saludar a la cabina, (hay que recordar que en la semana había sido nuestro birthday) y sonaban temas de aguante muy buenos: 'Crushed' (Front 242), 'Stjarna' (Depeche Mode), 'Obsession' (Xymox), 'World (The Price Of Love)' (New Order), 'Papua New Guinea' (The Future Sound Of London), 'Hyperreal' (The Shamen) y 'Aerobatic' de Space Time Continuum.\n\nDespués empezó a subir el volumen y los BPMs con Syntec 'It Takes A Word', Dance Or Die 'Psychoburbia', 'DSMO 1', 'DSMO 2' y 'Animal Zoo' de Front 242, 'Revolve' (Xymox), 'Corporate Slave' (Snog), la gente entraba en calor y bailó bastante.\n\nDespués tocaron Luis y Sebastián Z. La gente, como siempre fría pero respetuosa, tocaron dos o tres muy buenos ('Creed' es muy moderno), y un cover de 'Something I Can Never Have' de Nine Inch Nails. Al final sintieron el tema instrumental de los bajos modulantes y nos matamos bailando. Este live act no fue para nada pop; fue muy techno.\n\n'D'Bop', 'Der Komtur', 'Love Is Life (Adrenalin 6 Mix)', 'Central Europe', 'Who Is Elvis?', 'Who Killed JFK?', 'Observing The Earth' y 'What Would You Like To Hear Again?' de Dye Witness, 'Dominator', Plexus 'Auto Shutter' o 'Cactus Rhythm', 'Temple Of Dreams', 'Head Hunter', 'Join In The Chant (Burn!)', 'Don't Laugh (Live Raw Mix)', 'Kambrium', The Syndicate 'Genetic Infact', Lunatic Asylum 'The Meltdown (A Long Way To Heaven)', Slam 'Positive Education', 'Brainchild', Blue Alphabet 'Cybertrance' e 'It's Our Future' de AWeX. Industrial, mucho Rave, Hardcore, mucho Trance, Hard Trance, bastante Techno Pop y temas que tenían que sonar, como 'Love U More', de Sunscreem, 'Cubic' e 'In Yer Face' de 808 State, 'Ebeneezer Goode (South Of Detroit Vocal)', 'Brazil', 'Heart On The Line (Voodoo Child Remix)', 'Welcome To My Mind (Anesthesia Mix)' y la terriblemente pumping 'Are You Willing To Testify?'\n\nEl bloque Rave fue increíblemente bailado. Había unos chicos que habían invitado en Caniche que eran muy ravers. Mucho descontrol, gritos, brazos en el aire y esa sensación tan correcta de no pensar y liberar la cabeza al caótico ritmo de la música electrónica.",/images/1995-Flowers-27-10-95.webp;/images/TheFirstReport_100b.webp;/images/TheFirstReport_101a.webp;/images/TheFirstReport_101b.webp
1084,1995-10-28,"Depeche Mode Party, Laferrere","Laferrere, Buenos Aires",Venue: Unknown;Genre: EBM;Genre: Hardcore;Genre: Industrial;Genre: Synth Pop;Genre: Rave;Artist: Abismo;Artist: Punto Extremo;Artist: The Other Faith,"Tocaba Abismo, The Other Faith y Punto Extremo en algo que iba a ser la noche de DM, y no fue tan así. Teóricamente, yo iba a tener acceso a la cabina, pero realmente no fui por eso; a pesar de estar partido física y mentalmente por lo del día anterior, fuimos a ver a los chicos de The Other Faith, no por compromiso en el sentido más estricto, pero si no íbamos, no les iba a caer muy bien.\n\nComo era Destination Laferrere, nos tomamos un remís con Cecilia, Luis y Sebastián Z. Había poca gente por tratarse de una disco bastante grande. El lugar tenía dos pistas. La música fue básicamente Industrial. Lo de Abismo estuvo bueno, al igual que lo de The Other Faith.\n\nEl problema es que fueron unos ignorantes que gritaban cosas ofensivas como: \n- 'Analia devolvé la plata!'\n- 'Vergüenza del Tecno!'\n\nEsos ignorantes no tienen una mínima idea de lo que es la música Techno y su ideología. Hubo una pequeña discusión que no pasó a mayores, en un intervalo entre temas de The Other Faith que terminó cuando Eduardo dijo: 'El techno es para gente que lo lleva en el alma, no en el alcohol'. La gente se quedaba muy tranquila y sentada, y al último grupo no le dieron bola.\n\nAl final ya era de día y la luz se filtraba por donde podía. Pasaron cuatro temas, tres Hardcore Rave y uno Hard Trance que había sonado en la fiesta en Castrum (Rafael Castillo), que era mortal. Los que bailaban éramos Luis, Norberto, una chica y yo. Los que quedaban solo miraban. > THAT'S ALL <",/images/TheFirstReport_102a.webp;/images/TheFirstReport_102b.webp
1085,1995-11-04,"Caniche + Fellini: La Ruta","Uruguay 142, Buenos Aires",Venue: Caniche;Venue: Fellini;Artist: Urban Groove;Genre: Hard Trance;Genre: Jungle;Genre: Trance;Genre: House;Genre: New Beat,"Gracias a Javier (una vez más), tenía la oportunidad de ir a los lugares más indicados para bailar techno en Buenos Aires (Caniche y nuevamente Fellini). Fuimos con Cecilia y Luciano, y tras el consabido y largo viaje de siempre, aportamos solo $2 cada uno y entramos muy fácilmente a Caniche.\n\nLo más divertido de esto es que apenas entramos, yo misma guié a Cecilia a la pista de abajo y le dije a Luciano 'Me encanta el revestimiento acolchado de la escalera que conducía al recinto de los golpes'. Una de dos: o Cecilia no me escuchó, o porque se pensó que aquella vez que habíamos estado en la puerta con Fernando durante aquella pelea callejera, habíamos conocido parte del lugar. Me pisé solo, pero zafé.\n\nLe dediqué la primera mitad de la noche a la chica y al sillón. Después no pude aguantar y fui a bailar con Luciano, que tenía un aspecto muy demacrado, y Javier con su sonrisa y sus rollers.\n\nEl lugar de abajo tiene mala ventilación (o nula) y, ese viernes, hacía mucho calor, y a pesar de estar vestido solo con una bermuda y la remera de Wicked City, transpiré muchísimo. Gustavo López se colgó con Hard Trance lo cual jamás había pasado un Sábado en Caniche, según comentarios que escuchamos. Como los viernes, hubo bajos alucinantes, Trance, Hard Trance y algunas cosas Jungle muy buenas. Mental. Rápido. Imprevisible.\n\nPero ahí recién llegamos a la mitad del viaje, y me acuerdo que un rato después de haber entrado Magoo, me dijo: 'faltan horas nada más'.\n\nCuando salimos de Caniche ya era totalmente de día, y algunos grupos vestidos disparmente deambulaban por Bartolomé Mitre; por suerte, Fellini y Caniche quedan cerca entre sí. Javier se fue con sus rollers 10 o 15 minutos antes, no sé, en mi mente había algo que faltaba (la noción del tiempo!).\n\nEl detalle fue que, mientras esperábamos a ver qué pasaba, vimos que cuatro modernosos cruzaban Callao con un carrito para bebés vacío, pero en la esquina de Bartolomé Mitre, uno vestido de cualquier cosa se metió al carrito, y lo trajeron hasta la puerta de Fellini así. Todo el mundo, incluyendo nosotros, cagándose de risa.\n\nDespués pasamos absolutamente gratis. Estaba entrando bastante gente; después casi se llena. But What About The Music? Desde Trance lento, incluyendo temas que habíamos bailado solo un par de horas antes, a cosas melódicas, descontroladas, imponentes. Space 2000 'Do U Wanna Funk? (Joe T Vannelli's Ipno Mix)'\n\nRepito: todavía no conocíamos los temas como para enumerar. Viniendo de fanáticos incurables como nosotros, eso es solo una cuestión de tiempo.\n\nLa gente, al final, o al final, por lo menos para mí, que pensaba estar un rato, y nos quedamos dos horas. Bueno al final la gente levantaba los brazos en cada tema que tenía una bajada. Descontrol. Incluso pasaron un tema New Beat que habían pasado la segunda vez que fui a El Chaval, que no sonó viejo entre tanta actualidad. Eso es magia.",/images/1995-Caniche-Oct-Nov-95.webp;/images/TheFirstReport_103a.webp;/images/TheFirstReport_103b.webp;/images/TheFirstReport_104a.webp;/images/TheFirstReport_104b.webp
1086,1995-11-10,Vampire @ Caniche,"Uruguay 142, Buenos Aires",Venue: Caniche;Artist: Urban Groove,"Con Ella. Cuando entramos al lugar, nos encontramos con la desagradable sorpresa de que Cecilia no estaba anotada en la lista. Es increíble pero Lisa (la de la puerta de la Age) la dejó pasar. Mucha gente abajo. Mucha.\n\nCaniche (o mejor dicho Vampire), es el único techno club del viernes en Buenos Aires, y una de las dos únicas opciones correctas para salir.\n\nJavier, casi feliz con sus rollers y su linterna. Después llegaron Luis y Fernando. Me tenía que ir temprano, así que bajamos arriba y abajo y sacamos unas fotos. Mucho más no me acuerdo.",/images/1995-Caniche-Oct-Nov-95.webp;/images/TheFirstReport_105a.webp 
1087,1995-11-25,Caniche + Fellini: A kind of liberation,"Uruguay 142, Buenos Aires",Venue: Caniche;Venue: Fellini;Artist: Urban Groove;Genre: Hard Trance;Genre: Trance;Genre: House;Genre: Rave,"Quería ir a bailar. En esta época de mi vida hay inestabilidad emocional y me siento re confundido. Lo único que realmente me libera es la música y todas las actividades relacionadas con ella.\n\nHabía tenido un problema con Cecilia y quise salir solo. Quedé para encontrarme con Javier y Sebastián en Caniche. Había poca gente. Graffiti flúo en la pared. Muy buena la nueva decoración.\n\nTocó Gustavo López. The Modifiers 'Take Me Higher (Hypnotic Mix)'. Notable. Arriba: show de un par de travestis. Después se puso muy arriba. HOCKEY - ENTER - BASS - BEATS - MOVES - DANCE = TRIP\n\nTerminó a eso de las 6. Después nos fuimos a Fellini; a Javier y a Claudio no los dejaron entrar porque no estaban en la lista. Hablé con Magoo, con Gustavo, pero en la puerta se pusieron cagadores y no se pudo hacer nada.\n\nAl principio mucho House, y muy buenas mujeres. Después se endureció el sonido con Gustavo López, y Diego Cid pasó Plexus 'The Cactus Is Saved' y nos mató. Mucha energía a partir de ese momento y mareo total.\n\nI'm Going Insane\nTechno Bass In My Head\n24 Hour Diet Of Hard Rhythmic Therapy",/images/1995-Caniche-07-95b.webp;/images/TheFirstReport_105b.webp;/images/TheFirstReport_106a.webp